Date,Temp,RH,PM2.5_SubIndex,PM10_SubIndex,SO2_SubIndex,NO2_SubIndex,NH3_SubIndex,CO_SubIndex,O3_SubIndex,AQI_calculated,PM2.5,PM10,NO2,NH3,SO2,CO,Ozone
2024-01-01,27.42,70.76,202.56666666666663,127.37333333333332,4.05,6.062499999999999,2.11,29.5,12.86,203.0,,,,,,,
2024-01-02,27.78,71.11,101.36666666666666,104.23333333333332,3.425,6.35,2.0525,26.0,12.25,104.0,,,,,,,
2024-01-03,33.43,76.51,107.76666666666668,114.55333333333331,3.0375000000000005,10.974999999999998,2.985,35.0,11.05,115.0,,,,,,,
2024-01-04,27.58,77.32,97.38333333333333,93.83,3.0375000000000005,9.7625,2.1075,31.5,11.54,97.0,,,,,,,
2024-01-05,27.54,75.04,88.03333333333333,83.17,3.1875,8.5375,2.335,31.0,11.81,88.0,,,,,,,
2024-01-06,27.44,78.17,35.6,43.64,2.8625,6.475,2.2275,23.5,11.09,44.0,,,,,,,
2024-01-07,27.5,84.91,26.03333333333333,29.58,3.275,6.8875,2.2025,26.5,9.84,30.0,,,,,,,
2024-01-08,27.52,84.44,50.36666666666667,52.62,3.0125,5.4,2.125,25.5,13.3,53.0,,,,,,,
2024-01-09,27.65,76.5,74.6,79.71,3.4375,4.3875,2.0775,24.5,29.65,80.0,,,,,,,
2024-01-10,27.68,73.34,73.21666666666667,82.32,3.05,4.8125,2.0025,21.0,63.29,82.0,,,,,,,
2024-01-11,27.66,73.35,91.93333333333332,94.78,3.3875,5.6375,2.085,27.0,53.32,95.0,,,,,,,
2024-01-12,27.69,75.67,118.8,105.74666666666668,2.7875,6.9,2.23,28.000000000000004,42.48,119.0,,,,,,,
2024-01-13,27.56,77.77,232.6,135.24,3.7375,7.25,2.515,32.0,40.41,233.0,,,,,,,
2024-01-14,27.58,76.52,350.44615384615383,197.38666666666668,2.825,9.6,2.8975,43.0,19.65,350.0,,,,,,,
2024-01-15,27.56,73.61,240.3333333333333,138.34666666666666,3.3625,7.275,2.445,29.5,12.42,240.0,,,,,,,
2024-01-16,27.53,68.48,81.08333333333333,86.11,2.925,6.825,1.9975,25.0,11.31,86.0,,,,,,,
2024-01-17,27.49,69.98,47.0,83.05,3.4375,7.05,1.8525,39.0,9.51,83.0,,,,,,,
2024-01-18,27.53,73.52,51.06666666666667,80.68,3.4125,8.3125,1.93,37.5,7.73,81.0,,,,,,,
2024-01-19,27.54,75.14,53.28333333333333,78.26,3.2125,6.825,2.235,35.0,7.17,78.0,,,,,,,
2024-01-20,27.48,74.03,58.333333333333336,76.3,3.4875,5.6375,2.3325,23.0,7.15,76.0,,,,,,,
2024-01-21,27.45,72.43,51.96666666666667,79.08,3.9125,6.725,2.1775,32.0,6.61,79.0,,,,,,,
2024-01-22,27.51,72.67,58.25000000000001,88.27,2.7750000000000004,6.4375,2.14,43.0,6.56,88.0,,,,,,,
2024-01-23,27.47,71.47,59.01666666666666,75.03,2.625,6.05,2.2475,27.500000000000004,9.03,75.0,,,,,,,
2024-01-24,27.36,72.02,87.4,116.98666666666666,3.4375,9.0,2.245,36.5,6.95,117.0,,,,,,,
2024-01-25,27.34,71.41,86.95,123.04,2.675,7.9,2.385,31.5,6.32,123.0,,,,,,,
2024-01-26,27.28,73.05,77.46666666666667,108.48666666666666,3.3375,6.8125,2.835,32.5,6.39,108.0,,,,,,,
2024-01-27,27.42,72.18,56.33333333333333,76.02,3.4375,4.7125,2.7475,29.5,7.93,76.0,,,,,,,
2024-01-28,27.57,70.58,67.46666666666667,84.34,2.375,3.3375,2.485,30.5,12.15,84.0,,,,,,,
2024-01-29,27.36,65.97,72.73333333333333,87.6,3.6375,3.875,2.215,35.5,13.84,88.0,,,,,,,
2024-01-30,27.36,70.24,73.18333333333332,95.9,3.55,6.875,2.0375,28.000000000000004,10.19,96.0,,,,,,,
2024-01-31,27.44,74.02,53.41666666666666,84.8,3.6375,7.875,1.885,30.0,7.22,85.0,,,,,,,
2024-02-01,27.71,77.43,43.16666666666666,70.16,3.4875,6.275,1.9325,29.0,10.64,70.0,,,,,,,
2024-02-02,27.91,74.88,22.383333333333333,37.15,2.9125,13.5125,2.1725,25.5,5.28,37.0,,,,,,,
2024-02-03,27.94,72.32,33.28333333333333,55.16,2.475,32.575,2.1725,38.0,5.77,55.0,,,,,,,
2024-02-04,27.78,71.75,29.05,54.88,3.3375,31.0125,2.1725,24.5,5.03,55.0,,,,,,,
2024-02-05,27.86,71.72,45.41666666666666,69.0,2.4875,31.4,2.1725,25.0,6.09,69.0,,,,,,,
2024-02-06,27.86,73.2,91.61666666666667,107.83333333333331,2.7625,22.825000000000003,2.2675,29.0,8.46,108.0,,,,,,,
2024-02-07,27.44,73.71,99.81666666666666,113.37333333333332,3.4375,7.8,2.28,43.0,5.32,113.0,,,,,,,
2024-02-08,27.62,76.23,73.93333333333334,112.80666666666666,2.9125,6.95,2.4,26.5,4.88,113.0,,,,,,,
2024-02-09,27.77,74.07,63.48333333333334,93.16,2.4125,5.5875,2.665,22.5,6.5,93.0,,,,,,,
2024-02-10,27.7,72.06,87.16666666666666,102.92,2.9125,4.475,2.6725,21.0,6.36,103.0,,,,,,,
2024-02-11,27.67,69.51,77.76666666666665,97.67,2.9625,3.4625,2.5,21.5,10.41,98.0,,,,,,,
2024-02-12,27.56,68.69,40.8,67.56,3.1875,3.85,1.975,21.0,9.67,68.0,,,,,,,
2024-02-13,27.57,73.23,49.93333333333333,76.6,2.0125,5.35,1.97,25.0,6.22,77.0,,,,,,,
2024-02-14,27.73,71.97,48.05,74.82,3.1625,4.3125,2.0075,23.0,7.51,75.0,,,,,,,
2024-02-15,27.87,70.32,68.06666666666668,88.25,2.6875,5.25,2.07,23.5,7.2,88.0,,,,,,,
2024-02-16,27.54,71.01,59.4,76.04,3.1875,4.325,1.91,21.5,7.89,76.0,,,,,,,
2024-02-17,27.58,73.06,54.31666666666667,74.84,2.5874999999999995,4.825,1.9275,22.0,5.99,75.0,,,,,,,
2024-02-18,27.47,73.9,84.76666666666667,92.5,2.8999999999999995,6.6375,2.025,23.5,5.68,92.0,,,,,,,
2024-02-19,27.47,72.07,74.3,90.25,2.975,6.5125,2.035,23.5,6.66,90.0,,,,,,,
2024-02-20,27.63,72.8,74.06666666666666,97.23,2.7875,7.45,2.2025,23.0,6.01,97.0,,,,,,,
2024-02-21,27.47,74.94,76.66666666666667,99.78,2.9375,7.275,2.3825,23.5,6.62,100.0,,,,,,,
2024-02-22,27.59,75.67,62.45,79.43,3.5875,6.15,2.695,22.5,7.82,79.0,,,,,,,
2024-02-23,27.71,77.05,57.516666666666666,69.81,2.925,5.0375,2.56,22.5,7.51,70.0,,,,,,,
2024-02-24,28.44,74.19,48.03333333333333,57.67,3.4375,4.2125,2.3,21.5,7.52,58.0,,,,,,,
2024-02-25,27.54,69.73,39.15,48.84,2.6625,3.425,1.965,20.0,7.83,49.0,,,,,,,
2024-02-26,27.58,71.78,42.56666666666667,64.1,3.2125,3.6,1.9625,19.5,7.51,64.0,,,,,,,
2024-02-27,27.56,72.09,47.31666666666667,65.47,3.275,3.125,1.845,19.0,8.29,65.0,,,,,,,
2024-02-28,27.62,72.82,51.7,72.39,3.2875,5.2875000000000005,1.73,20.5,7.62,72.0,,,,,,,
2024-02-29,27.49,73.0,71.11666666666667,93.4,3.5875,6.95,1.865,25.0,7.0,93.0,,,,,,,
2024-03-01,27.61,73.48,69.85,87.82,3.25,7.1875,2.3175,21.0,7.22,88.0,,,,,,,
2024-03-02,27.45,74.68,99.16666666666666,119.92,3.4375,11.3,2.62,22.0,7.13,120.0,,,,,,,
2024-03-03,27.6,70.27,70.38333333333333,74.58,3.525,4.725,2.705,20.0,10.18,75.0,,,,,,,
2024-03-04,27.77,70.93,77.21666666666667,103.76666666666668,3.4,9.55,2.4825,22.5,7.75,104.0,,,,,,,
2024-03-05,27.57,71.82,70.8,100.93333333333334,3.425,8.9625,2.335,20.5,7.5,101.0,,,,,,,
2024-03-06,27.64,72.71,87.43333333333334,135.57333333333335,3.75,9.8125,2.4225,22.0,5.53,136.0,,,,,,,
2024-03-07,27.47,71.93,54.75,73.69,4.15,6.35,2.575,20.5,6.02,74.0,,,,,,,
2024-03-08,27.69,73.74,67.85,80.96,3.6875,5.387499999999999,2.545,20.5,5.96,81.0,,,,,,,
2024-03-09,28.29,74.32,67.0,89.59,4.0625,5.6000000000000005,2.4675,20.0,5.56,90.0,,,,,,,
2024-03-10,27.72,71.81,51.98333333333333,64.36,3.25,3.925,2.23,18.5,6.5,64.0,,,,,,,
2024-03-11,27.55,70.91,60.7,72.14,3.15,4.8875,2.1775,18.5,8.91,72.0,,,,,,,
2024-03-12,27.52,73.52,49.9,77.78,4.5125,6.25,2.0725,19.5,8.41,78.0,,,,,,,
2024-03-13,27.51,74.68,62.48333333333333,90.29,3.1,6.3,2.065,18.5,8.26,90.0,,,,,,,
2024-03-14,27.6,74.01,59.53333333333333,76.21,4.025,5.237500000000001,2.06,19.5,9.29,76.0,,,,,,,
2024-03-15,27.6,72.21,43.68333333333333,63.75,3.8,6.324999999999999,1.8975,21.5,7.66,64.0,,,,,,,
2024-03-16,27.7,74.41,30.883333333333333,52.51,3.725,4.4625,1.85,18.5,6.19,53.0,,,,,,,
2024-03-17,27.62,71.8,13.683333333333335,28.62,4.5125,3.7,1.6925,23.0,5.31,29.0,,,,,,,
2024-03-18,27.66,71.97,21.366666666666667,41.78,3.45,4.525,1.665,19.0,5.27,42.0,,,,,,,
2024-03-19,27.7,72.98,48.06666666666667,65.99,3.15,5.3375,1.8175,19.5,6.03,66.0,,,,,,,
2024-03-20,27.53,71.04,62.7,81.66,3.325,5.6875,1.7825,19.5,7.44,82.0,,,,,,,
2024-03-21,27.74,71.92,33.93333333333333,51.85,3.45,3.6,1.72,19.0,6.43,52.0,,,,,,,
2024-03-22,27.72,72.4,34.96666666666667,50.26,3.975,3.8875,1.7975,19.0,6.91,50.0,,,,,,,
2024-03-23,27.5,71.65,44.98333333333333,63.45,3.925,5.425,1.7875,20.5,6.51,63.0,,,,,,,
2024-03-24,27.54,72.1,41.15,59.27,4.05,5.225,1.725,20.0,6.17,59.0,,,,,,,
2024-03-25,27.52,70.48,29.883333333333333,47.75,3.7875,4.575,1.7525,19.0,6.62,48.0,,,,,,,
2024-03-26,27.64,68.77,33.1,53.36,4.025,5.7125,1.7925,19.5,6.03,53.0,,,,,,,
2024-03-27,27.71,71.33,40.48333333333333,62.26,3.7125,5.9875,1.8325,20.0,4.99,62.0,,,,,,,
2024-03-28,27.72,73.54,40.48333333333333,71.31,3.9125,6.8125,1.9,19.0,4.27,71.0,,,,,,,
2024-03-29,27.76,74.51,30.0,57.28,3.8875,5.0125,2.0025,20.0,4.69,57.0,,,,,,,
2024-03-30,27.79,72.22,26.566666666666663,50.94,4.3625,6.125000000000001,1.9925,20.5,4.59,51.0,,,,,,,
2024-03-31,27.71,73.62,31.666666666666668,69.0,4.15,5.3,2.0425,19.0,4.47,69.0,,,,,,,
2024-04-01,27.69,73.85,22.48333333333333,47.61,4.05,4.6,2.18,19.5,3.99,48.0,,,,,,,
2024-04-02,27.57,74.57,25.7,50.73,4.275,4.6375,2.2025,19.5,3.99,51.0,,,,,,,
2024-04-03,27.66,74.49,20.08333333333333,50.29,3.55,4.95,2.155,18.5,3.5,50.0,,,,,,,
2024-04-04,27.58,75.9,12.883333333333333,39.81,4.55,4.425,2.0375,19.0,3.65,40.0,,,,,,,
2024-04-05,27.29,76.51,12.116666666666667,36.14,3.8,5.7125,2.0625,18.0,4.04,36.0,,,,,,,
2024-04-06,27.46,75.44,20.98333333333333,45.79,3.2875,5.775,1.86,15.0,4.7,46.0,,,,,,,
2024-04-07,27.6,76.06,20.383333333333333,41.31,3.2,4.25,2.15,15.5,4.78,41.0,,,,,,,
2024-04-08,27.45,76.1,23.316666666666663,46.17,3.3625,4.05,2.2125,15.5,5.92,46.0,,,,,,,
2024-04-09,27.51,72.02,39.15,54.3,3.1875,3.5625,2.29,16.0,6.1,54.0,,,,,,,
2024-04-10,27.54,72.41,52.45,68.02,3.3875,4.05,2.33,18.5,6.73,68.0,,,,,,,
2024-04-11,27.45,71.32,39.8,51.41,3.7375,3.175,2.0525,17.0,6.28,51.0,,,,,,,
2024-04-12,27.62,72.84,28.416666666666668,41.05,3.85,3.3,1.875,16.5,6.72,41.0,,,,,,,
2024-04-13,27.91,71.04,34.233333333333334,51.59,3.7375,5.6625,2.145,17.5,6.29,52.0,,,,,,,
2024-04-14,27.47,69.7,68.96666666666667,77.91,3.575,3.475,2.7625,20.5,15.44,78.0,,,,,,,
2024-04-15,27.63,72.24,42.5,60.47,2.5,5.862500000000001,2.285,21.0,6.14,60.0,,,,,,,
2024-04-16,27.7,72.17,40.333333333333336,77.68,3.4875,7.125,2.285,23.5,5.29,78.0,,,,,,,
2024-04-17,27.67,74.84,26.833333333333336,49.41,2.5,5.1,2.5825,18.5,5.63,49.0,,,,,,,
2024-04-18,27.79,74.92,13.15,35.36,2.325,4.725,2.4325,16.0,5.66,35.0,,,,,,,
2024-04-19,27.69,76.3,9.366666666666667,25.2,3.725,3.4875,2.2825,15.5,6.41,25.0,,,,,,,
2024-04-20,27.81,76.65,13.35,29.27,3.9625,3.775,2.1775,15.5,7.74,29.0,,,,,,,
2024-04-21,27.86,76.93,8.266666666666667,22.7,3.075,3.7125,2.115,15.5,6.3,23.0,,,,,,,
2024-04-22,27.62,74.97,8.333333333333334,30.12,3.0875000000000004,4.7375,1.9075,16.0,6.12,30.0,,,,,,,
2024-04-23,27.65,73.66,9.55,31.67,3.225,6.4,1.8575,36.0,5.85,36.0,,,,,,,
2024-04-24,27.66,74.93,14.783333333333331,37.52,3.9375,6.8625,1.9525,28.000000000000004,5.62,38.0,,,,,,,
2024-04-25,27.7,74.77,7.766666666666667,31.6,2.975,5.550000000000001,2.15,24.5,4.9,32.0,,,,,,,
2024-04-26,27.73,74.3,16.066666666666666,50.35,2.6125,5.6000000000000005,2.0925,22.0,6.4,50.0,,,,,,,
2024-04-27,27.32,74.2,25.33333333333333,56.42,2.1,5.625,2.1425,21.5,9.38,56.0,,,,,,,
2024-04-28,26.67,75.4,10.616666666666667,35.71,3.4125,4.3125,2.045,21.5,3.61,36.0,,,,,,,
2024-04-29,30.46,75.7,9.55,27.51,3.675,4.225,2.7025,21.0,3.85,28.0,,,,,,,
2024-04-30,26.85,74.32,8.883333333333333,36.27,2.95,3.825,1.855,17.5,3.55,36.0,,,,,,,
2024-05-01,27.45,73.07,17.65,40.7,4.2,4.575,1.98,18.5,5.38,41.0,,,,,,,
2024-05-02,26.88,74.31,15.233333333333333,45.59,3.4625,4.2125,1.8675,15.0,6.11,46.0,,,,,,,
2024-05-03,28.01,74.43,22.133333333333333,55.23,3.7625,4.7875,2.1925,19.0,5.91,55.0,,,,,,,
2024-05-04,27.07,73.26,16.35,44.06,3.3875,5.95,1.8875,21.5,8.16,44.0,,,,,,,
2024-05-05,26.86,73.78,19.25,46.39,3.0375000000000005,4.125,2.5475,20.0,5.07,46.0,,,,,,,
2024-05-06,27.18,76.92,21.95,52.06,2.625,5.4125,2.4425,22.0,5.45,52.0,,,,,,,
2024-05-07,26.82,74.53,18.266666666666666,45.92,2.9375,4.0125,2.1475,20.5,5.45,46.0,,,,,,,
2024-05-08,26.57,71.54,18.666666666666668,41.36,3.4875,5.3125,1.9425,20.0,6.48,41.0,,,,,,,
2024-05-09,26.58,74.62,10.433333333333334,23.46,3.675,4.875,1.8775,18.0,4.15,23.0,,,,,,,
2024-05-10,26.62,72.42,5.633333333333334,23.98,2.6375,4.4125,1.8675,17.5,1.28,24.0,,,,,,,
2024-05-11,26.86,73.28,8.333333333333334,26.4,2.875,2.7250000000000005,1.575,19.0,7.16,26.0,,,,,,,
2024-05-12,26.76,72.48,5.55,23.19,2.975,1.5,1.41,23.0,6.87,23.0,,,,,,,
2024-05-13,26.81,72.54,11.316666666666666,37.49,2.8375,2.0625,1.525,20.0,7.72,37.0,,,,,,,
2024-05-14,26.69,71.94,8.4,39.4,3.1125000000000003,1.875,1.5375,19.5,6.73,39.0,,,,,,,
2024-05-15,26.56,72.56,12.116666666666667,41.2,2.9625,3.05,1.65,19.5,10.53,41.0,,,,,,,
2024-05-16,30.13,82.89,6.2,36.98,3.8125,4.4875,2.04,28.5,13.46,37.0,,,,,,,
2024-05-17,26.48,81.03,15.85,28.39,3.0375000000000005,7.0375,3.71,28.5,5.99,28.0,,,,,,,
2024-05-18,27.06,74.99,15.85,21.06,2.925,5.25,4.4725,21.0,5.89,21.0,,,,,,,
2024-05-19,26.69,74.17,9.266666666666667,34.79,2.375,4.925,3.81,21.0,8.79,35.0,,,,,,,
2024-05-20,26.73,76.44,11.0,23.6,3.0875000000000004,6.1375,3.565,23.5,7.26,24.0,,,,,,,
2024-05-21,27.27,76.95,7.533333333333332,16.87,2.425,4.9875,3.3975,21.0,13.29,21.0,,,,,,,
2024-05-22,26.7,76.2,15.366666666666667,32.52,4.3625,4.55,3.02,20.0,5.17,33.0,,,,,,,
2024-05-23,27.04,74.44,38.266666666666666,50.07,4.875,7.575,3.24,21.5,7.11,50.0,,,,,,,
2024-05-24,26.94,72.89,33.91666666666667,60.82,3.425,7.95,3.8525,44.5,7.95,61.0,,,,,,,
2024-05-25,26.79,71.0,43.86666666666667,80.65,2.95,6.925,3.105,30.0,5.32,81.0,,,,,,,
2024-05-26,26.76,62.45,37.86666666666667,92.08,4.0375,6.15,2.9425,22.5,34.95,92.0,,,,,,,
2024-05-27,27.06,63.19,41.333333333333336,90.2,2.7250000000000005,5.7875,3.5175,90.0,18.15,90.0,,,,,,,
2024-05-28,27.27,65.88,46.73333333333333,100.76666666666668,3.625,6.4125,3.6275,46.0,3.16,101.0,,,,,,,
2024-05-29,27.23,65.31,36.41666666666666,88.58,3.85,6.3625,3.2875,48.0,2.44,89.0,,,,,,,
2024-05-30,27.32,69.68,32.03333333333333,75.93,4.525,6.9,3.355,36.0,2.0,76.0,,,,,,,
2024-05-31,27.08,70.57,33.3,77.18,4.1625,5.812500000000001,3.025,54.5,6.89,77.0,,,,,,,
2024-06-01,27.08,75.06,30.766666666666666,63.31,4.4875,4.825,3.025,38.0,10.75,63.0,,,,,,,
2024-06-02,26.65,70.77,30.9,67.75,3.9625,5.525,2.8025,28.000000000000004,6.44,68.0,,,,,,,
2024-06-03,26.12,72.85,26.466666666666665,48.03,2.525,7.75,2.875,17.5,8.89,48.0,,,,,,,
2024-06-04,25.34,75.9,35.666666666666664,61.33,3.35,6.012499999999999,3.1475,23.5,12.16,61.0,,,,,,,
2024-06-05,25.69,77.29,24.83333333333333,39.22,4.2,7.5625,2.9475,29.0,13.46,39.0,,,,,,,
2024-06-06,27.2,79.42,21.0,35.66,2.3,6.374999999999999,3.0825,26.0,13.65,36.0,,,,,,,
2024-06-07,28.53,81.33,15.199999999999998,32.14,3.2625,7.125,3.36,32.0,14.36,32.0,,,,,,,
2024-06-08,28.59,75.85,15.466666666666663,38.57,4.4125,5.05,2.9225,33.5,33.95,39.0,,,,,,,
2024-06-09,28.73,74.38,21.25,43.05,4.8625,3.825,2.78,32.5,14.09,43.0,,,,,,,
2024-06-10,29.35,71.27,15.983333333333333,42.4,4.6375,6.2250000000000005,2.97,53.5,13.98,54.0,,,,,,,
2024-06-11,29.04,68.91,15.116666666666667,40.12,3.95,7.0,3.2075,27.0,13.43,40.0,,,,,,,
2024-06-12,29.2,69.99,19.15,47.46,3.05,8.2,4.0525,21.0,14.36,47.0,,,,,,,
2024-06-13,29.16,70.82,15.116666666666667,38.63,2.7375,8.9,4.075,19.0,13.51,39.0,,,,,,,
2024-06-14,29.05,70.49,30.616666666666667,70.29,3.375,8.675,4.3275,24.0,11.6,70.0,,,,,,,
2024-06-15,28.87,71.96,36.583333333333336,88.29,3.5625,8.45,4.4,25.0,10.68,88.0,,,,,,,
2024-06-16,28.92,70.42,27.23333333333333,61.42,3.3875,5.0125,4.0075,23.5,9.77,61.0,,,,,,,
2024-06-17,32.28,71.73,20.1,63.44,3.4625,6.5625,5.5,23.0,10.21,63.0,,,,,,,
2024-06-18,28.69,77.58,71.7,76.41,4.35,8.6625,3.7725,31.5,9.51,76.0,,,,,,,
2024-06-19,28.06,78.16,21.33333333333333,31.66,4.775,10.1375,3.8275,33.0,11.54,33.0,,,,,,,
2024-06-20,29.33,74.23,23.6,39.1,4.95,8.475,3.69,32.5,11.82,39.0,,,,,,,
2024-06-21,30.36,71.41,26.866666666666667,48.03,5.425,8.175,3.7675,35.0,11.86,48.0,,,,,,,
2024-06-22,29.91,70.71,27.3,52.41,5.625,6.6125,3.5975,33.5,11.64,52.0,,,,,,,
2024-06-23,30.16,70.93,23.28333333333333,45.19,5.3,4.4125,3.665,31.5,9.42,45.0,,,,,,,
2024-06-24,29.81,70.44,17.9,53.77,5.25,7.0625,3.2275,32.0,10.73,54.0,,,,,,,
2024-06-25,30.3,67.94,25.0,68.05,5.375,8.25,3.4625,32.0,11.43,68.0,,,,,,,
2024-06-26,29.74,69.14,19.516666666666666,63.26,5.0,7.8125,3.6875,32.5,13.15,63.0,,,,,,,
2024-06-27,29.86,67.17,21.716666666666665,77.17,4.45,8.625,3.8625,32.5,13.38,77.0,,,,,,,
2024-06-28,30.19,66.19,23.933333333333334,82.27,4.85,6.825,3.95,30.0,12.92,82.0,,,,,,,
2024-06-29,29.88,71.52,27.78333333333334,86.44,5.275,5.3375,3.935,31.5,12.23,86.0,,,,,,,
2024-06-30,29.83,75.06,25.2,76.66,5.749999999999999,4.5,3.6275,31.0,11.95,77.0,,,,,,,
2024-07-01,29.84,74.55,29.3,77.07,5.4,6.25,3.3325,32.0,12.83,77.0,,,,,,,
2024-07-02,30.2,69.03,24.183333333333334,76.18,5.237500000000001,5.875,3.085,31.5,11.9,76.0,,,,,,,
2024-07-03,32.27,71.49,22.266666666666666,71.36,5.9,6.7,4.4675,33.0,10.78,71.0,,,,,,,
2024-07-04,28.57,74.39,22.85,36.71,6.0375,9.7375,3.015,32.0,12.69,37.0,,,,,,,
2024-07-05,28.57,74.39,22.85,36.71,6.0375,9.7375,3.015,32.0,12.69,37.0,,,,,,,
2024-07-06,29.2,77.28,42.03333333333333,84.51,5.025,13.4,6.295,43.0,17.37,85.0,,,,,,,
2024-07-07,29.17,73.88,17.55,40.25,4.6625,6.95,4.375,33.5,14.13,40.0,,,,,,,
2024-07-08,29.48,74.89,30.55,50.1,4.8875,11.95,4.265,37.0,14.59,50.0,,,,,,,
2024-07-09,29.79,73.65,29.53333333333333,60.57,4.75,11.9,4.655,38.0,13.93,61.0,,,,,,,
2024-07-10,29.94,71.61,23.466666666666665,55.22,4.85,5.9625,4.0725,33.5,11.73,55.0,,,,,,,
2024-07-11,29.63,79.93,28.55,53.79,4.3625,8.9,3.5825,35.5,12.15,54.0,,,,,,,
2024-07-12,29.89,75.58,32.233333333333334,64.19,6.075000000000001,5.9625,3.535,36.0,11.11,64.0,,,,,,,
2024-07-13,29.56,78.56,22.666666666666668,48.55,5.475,7.35,3.0675,34.0,13.7,49.0,,,,,,,
2024-07-14,29.67,77.69,33.13333333333333,49.49,4.725,7.75,3.44,37.5,13.67,49.0,,,,,,,
2024-07-15,31.06,78.84,11.75,20.45,4.4375,6.112499999999999,3.8275,35.0,15.18,35.0,,,,,,,
2024-07-16,29.73,75.45,11.8,24.53,5.124999999999999,5.225,3.2875,31.0,13.88,31.0,,,,,,,
2024-07-17,29.67,71.86,18.933333333333334,55.52,5.525,5.6000000000000005,3.535,32.0,14.0,56.0,,,,,,,
2024-07-18,29.95,73.16,15.883333333333333,75.15,4.2875,5.425,4.02,30.5,14.73,75.0,,,,,,,
2024-07-19,29.64,72.83,14.15,34.35,6.3,4.9125,3.965,29.5,14.24,34.0,,,,,,,
2024-07-20,29.81,68.66,29.08333333333333,109.00666666666667,5.9375,5.2,4.1625,31.0,14.51,109.0,,,,,,,
2024-07-21,30.04,65.76,21.7,67.57,5.225,4.6625,4.415,29.5,13.99,68.0,,,,,,,
2024-07-22,29.86,66.36,26.266666666666666,90.73,5.237500000000001,6.8625,4.3,33.0,13.46,91.0,,,,,,,
2024-07-23,31.48,68.2,17.383333333333333,63.74,6.6625,6.3375,5.09,35.5,16.43,64.0,,,,,,,
2024-07-24,30.05,65.61,21.28333333333333,79.15,5.6375,8.5625,4.4075,37.0,14.42,79.0,,,,,,,
2024-07-25,29.95,65.4,17.7,67.74,4.375,6.2875,4.8675,33.5,14.07,68.0,,,,,,,
2024-07-26,29.86,66.17,17.5,73.54,5.4625,5.925,4.4125,32.5,13.8,74.0,,,,,,,
2024-07-27,29.18,63.0,15.433333333333334,67.42,5.2875000000000005,5.812500000000001,3.745,30.5,13.49,67.0,,,,,,,
2024-07-28,28.67,60.34,20.883333333333333,74.09,4.3625,4.4125,4.31,31.0,13.58,74.0,,,,,,,
2024-07-29,29.0,66.09,21.8,73.97,4.975,4.6625,4.285,31.0,12.14,74.0,,,,,,,
2024-07-30,29.14,69.18,30.78333333333333,87.82,5.0125,6.6625,3.9875,33.5,11.35,88.0,,,,,,,
2024-07-31,28.95,65.24,22.933333333333334,78.52,4.9375,6.1,3.68,33.0,12.12,79.0,,,,,,,
2024-08-01,28.95,66.39,31.25,89.28,3.425,4.95,3.66,32.5,10.84,89.0,,,,,,,
2024-08-02,28.84,70.92,34.78333333333333,77.53,5.6125,6.5,3.58,34.5,11.63,78.0,,,,,,,
2024-08-03,30.07,72.46,23.866666666666667,46.7,6.95,6.8,4.16,35.5,13.71,47.0,,,,,,,
2024-08-04,28.77,76.41,15.25,28.02,4.775,6.075000000000001,3.7675,34.5,12.09,34.0,,,,,,,
2024-08-05,28.88,81.05,19.8,36.1,3.6875,6.125000000000001,3.5875,36.5,12.21,36.0,,,,,,,
2024-08-06,28.83,76.19,10.633333333333333,31.67,5.1,6.975,3.3425,33.5,12.1,34.0,,,,,,,
2024-08-07,28.85,78.88,13.483333333333333,30.24,5.2125,7.35,3.24,38.0,12.08,38.0,,,,,,,
2024-08-08,28.78,78.75,11.983333333333333,25.79,5.6875,5.3125,2.96,35.0,13.31,35.0,,,,,,,
2024-08-09,28.74,76.81,13.183333333333334,37.42,5.425,5.500000000000001,2.7375,34.0,11.79,37.0,,,,,,,
2024-08-10,28.86,75.68,18.98333333333333,36.26,4.125,4.65,2.6425,34.0,8.8,36.0,,,,,,,
2024-08-11,28.95,71.62,15.116666666666667,44.43,5.1125,4.05,2.615,32.5,7.62,44.0,,,,,,,
2024-08-12,29.46,74.94,12.116666666666667,35.42,6.075000000000001,4.9,2.5825,33.0,8.64,35.0,,,,,,,
2024-08-13,29.75,75.12,9.266666666666667,47.49,5.65,4.3875,2.7025,32.0,12.98,47.0,,,,,,,
2024-08-14,29.73,74.86,6.666666666666667,32.01,5.6625,2.8125,2.7925,29.0,15.19,32.0,,,,,,,
2024-08-15,29.66,79.33,7.383333333333334,17.0,6.55,3.6625,3.0575,28.5,14.9,28.0,,,,,,,
2024-08-16,29.75,75.31,5.0,32.97,6.324999999999999,2.85,2.73,28.000000000000004,14.12,33.0,,,,,,,
2024-08-17,29.79,75.56,5.766666666666667,34.01,5.799999999999999,2.575,2.525,28.000000000000004,14.06,34.0,,,,,,,
2024-08-18,29.87,73.7,14.250000000000002,38.39,4.8125,2.7500000000000004,2.57,28.5,12.03,38.0,,,,,,,
2024-08-19,29.62,76.14,15.416666666666666,42.92,5.5125,3.2,2.49,29.5,12.69,43.0,,,,,,,
2024-08-20,29.7,74.89,14.383333333333336,41.2,5.6000000000000005,3.725,2.3925,29.5,12.72,41.0,,,,,,,
2024-08-21,29.68,74.22,8.05,46.91,5.225,3.575,2.25,29.0,13.86,47.0,,,,,,,
2024-08-22,29.94,72.32,11.833333333333334,50.05,4.5875,4.225,2.195,30.5,11.87,50.0,,,,,,,
2024-08-23,29.68,74.41,17.216666666666665,47.09,6.387500000000001,4.575,2.2,31.0,11.96,47.0,,,,,,,
2024-08-24,29.46,72.1,18.85,60.33,4.9625,4.15,2.3325,30.5,12.8,60.0,,,,,,,
2024-08-25,29.39,66.09,16.883333333333336,80.26,5.074999999999999,3.8,2.375,30.5,13.83,80.0,,,,,,,
2024-08-26,29.64,66.82,16.366666666666667,61.25,4.8,4.95,2.9475,31.0,12.7,61.0,,,,,,,
2024-08-27,29.58,71.09,18.5,65.81,5.5875,6.012499999999999,3.42,32.5,11.82,66.0,,,,,,,
2024-08-28,29.45,76.54,24.816666666666663,57.45,4.5125,8.725,3.7225,37.0,13.72,57.0,,,,,,,
2024-08-29,29.58,70.61,22.75,53.28,5.699999999999999,6.6,3.5975,34.0,16.54,53.0,,,,,,,
2024-08-30,29.62,74.09,24.48333333333333,66.14,4.225,6.8125,4.2075,34.0,14.21,66.0,,,,,,,
2024-08-31,29.48,73.44,23.166666666666668,44.69,5.174999999999999,7.7625,4.285,33.5,14.53,45.0,,,,,,,
2024-09-01,29.92,71.16,23.75,49.89,5.1125,6.1875,5.2575,34.5,15.01,50.0,,,,,,,
2024-09-02,29.45,72.8,25.316666666666663,57.34,4.8375,5.124999999999999,4.205,33.5,12.45,57.0,,,,,,,
2024-09-03,29.64,77.42,31.28333333333333,59.72,5.2,7.05,3.795,34.5,13.47,60.0,,,,,,,
2024-09-04,29.51,76.5,35.266666666666666,62.84,4.5375,8.175,3.4775,37.0,14.0,63.0,,,,,,,
2024-09-05,29.86,70.47,33.35,74.7,3.8625,5.85,3.375,33.5,13.45,75.0,,,,,,,
2024-09-06,29.76,76.15,35.45,74.16,3.9875,9.3375,3.3275,39.0,13.78,74.0,,,,,,,
2024-09-07,29.48,72.12,31.1,59.38,5.4625,6.4,3.655,38.0,15.49,59.0,,,,,,,
2024-09-08,29.66,73.66,35.36666666666667,59.34,5.5625,5.799999999999999,3.9275,34.0,14.37,59.0,,,,,,,
2024-09-09,30.1,72.01,28.266666666666666,70.35,5.0875,5.225,3.915,34.0,15.0,70.0,,,,,,,
2024-09-10,29.63,68.68,68.61666666666667,70.91,5.025,6.1375,3.8525,32.0,14.73,71.0,,,,,,,
2024-09-11,29.56,69.9,50.45,75.57,4.6375,5.725,4.2075,31.0,13.35,76.0,,,,,,,
2024-09-12,29.8,70.67,25.166666666666668,72.03,4.2875,5.749999999999999,3.755,31.5,12.16,72.0,,,,,,,
2024-09-13,29.91,71.18,28.65,67.05,5.475,4.975,3.5575,32.0,11.8,67.0,,,,,,,
2024-09-14,29.79,70.51,25.916666666666668,61.14,5.05,4.15,3.2375,31.5,10.09,61.0,,,,,,,
2024-09-15,29.76,70.39,31.23333333333333,68.28,3.825,4.75,3.1125,32.0,9.7,68.0,,,,,,,
2024-09-16,28.14,66.99,25.316666666666663,75.94,4.4875,6.1,3.08,31.5,9.37,76.0,,,,,,,
2024-09-17,26.22,68.79,23.383333333333333,58.22,5.25,6.175000000000001,3.0425,31.0,10.7,58.0,,,,,,,
2024-09-18,25.65,68.98,30.98333333333333,62.32,4.375,4.525,3.025,32.5,8.08,62.0,,,,,,,
2024-09-19,25.77,70.43,50.2,103.89333333333332,5.5625,8.2625,3.1075,36.5,9.32,104.0,,,,,,,
2024-09-20,25.83,70.47,61.66666666666666,104.34666666666666,4.45,6.9625,3.2075,38.5,8.68,104.0,,,,,,,
2024-09-21,25.82,76.91,32.416666666666664,41.95,4.8,6.75,3.1425,34.5,10.46,42.0,,,,,,,
2024-09-22,26.1,74.45,33.083333333333336,47.33,4.6,5.799999999999999,3.13,35.5,11.15,47.0,,,,,,,
2024-09-23,26.52,73.29,32.916666666666664,57.67,6.012499999999999,6.8875,3.365,35.5,10.47,58.0,,,,,,,
2024-09-24,26.15,78.18,27.916666666666668,32.43,5.437499999999999,8.5125,3.2625,36.0,12.29,36.0,,,,,,,
2024-09-25,26.14,76.73,20.65,29.5,3.8,5.675,3.2125,34.5,12.25,34.0,,,,,,,
2024-09-26,26.15,79.79,24.08333333333333,37.74,5.3,7.7625,3.095,36.0,12.69,38.0,,,,,,,
2024-09-27,26.23,76.99,27.95,46.63,4.625,7.05,3.0725,37.5,14.09,47.0,,,,,,,
2024-09-28,26.39,76.4,23.4,50.83,5.9125000000000005,5.475,2.99,37.5,15.53,51.0,,,,,,,
2024-09-29,25.7,74.94,7.050000000000001,18.9,5.450000000000001,2.5874999999999995,2.92,30.0,16.27,30.0,,,,,,,
2024-09-30,25.91,75.08,15.55,26.08,5.187500000000001,2.85,2.6575,29.5,16.14,30.0,,,,,,,
2024-10-01,25.67,75.19,12.916666666666666,25.17,5.025,3.4375,2.5075,30.0,16.3,30.0,,,,,,,
2024-10-02,25.86,73.22,20.7,34.9,4.45,3.05,2.55,30.5,15.36,35.0,,,,,,,
2024-10-03,25.68,72.05,41.81666666666667,56.89,4.75,7.1625,2.4525,35.5,13.46,57.0,,,,,,,
2024-10-04,26.01,74.49,38.25,40.09,4.6,5.4,2.925,37.0,12.43,40.0,,,,,,,
2024-10-05,26.51,75.71,42.833333333333336,47.1,4.5,5.812500000000001,3.11,40.0,12.1,47.0,,,,,,,
2024-10-06,26.64,74.43,55.26666666666666,58.95,4.575,6.275,3.255,41.0,11.51,59.0,,,,,,,
2024-10-07,27.95,75.0,37.66666666666666,41.54,4.325,4.6875,3.6025,33.0,8.52,42.0,,,,,,,
2024-10-08,28.87,74.93,24.33333333333333,29.57,4.725,5.325,3.29,32.5,11.99,32.0,,,,,,,
2024-10-09,28.89,76.44,20.0,24.13,4.45,5.500000000000001,3.0625,31.5,14.08,32.0,,,,,,,
2024-10-10,28.69,79.51,11.05,15.97,5.375,5.0625,2.8875,32.0,14.22,32.0,,,,,,,
2024-10-11,28.88,76.56,24.616666666666667,35.21,4.4875,5.95,2.6575,37.0,14.14,37.0,,,,,,,
2024-10-12,28.82,77.72,6.583333333333333,9.38,5.450000000000001,3.1625,2.7575,30.0,14.7,30.0,,,,,,,
2024-10-13,29.12,74.94,7.6833333333333345,8.64,4.9875,2.25,2.5225,28.5,14.29,28.0,,,,,,,
2024-10-14,28.59,83.66,9.7,13.57,4.95,5.500000000000001,2.145,33.5,13.62,34.0,,,,,,,
2024-10-15,28.31,89.8,10.783333333333331,10.86,5.5625,7.175,6.1,35.5,20.25,36.0,,,,,,,
2024-10-16,28.64,86.52,10.133333333333333,12.73,4.875,4.0,4.805,31.5,16.72,32.0,,,,,,,
2024-10-17,28.52,79.12,28.76666666666667,26.45,4.725,6.7875,3.2225,37.5,13.82,38.0,,,,,,,
2024-10-18,28.4,79.58,21.183333333333334,33.52,4.375,9.3625,3.355,41.5,13.27,42.0,,,,,,,
2024-10-19,28.43,79.33,22.433333333333334,30.82,5.275,7.55,2.995,42.0,13.54,42.0,,,,,,,
2024-10-20,28.55,78.72,13.833333333333336,20.39,6.6875,6.175000000000001,3.285,35.0,14.9,35.0,,,,,,,
2024-10-21,28.51,75.08,6.116666666666666,16.55,4.7875,6.45,2.875,33.0,15.51,33.0,,,,,,,
2024-10-22,28.51,74.98,12.933333333333334,29.61,5.375,6.275,2.7675,34.0,15.29,34.0,,,,,,,
2024-10-23,28.83,74.22,49.55,80.14,5.6875,7.8125,3.05,39.0,11.52,80.0,,,,,,,
2024-10-24,29.02,72.99,52.083333333333336,89.69,4.5625,10.1875,3.0225,41.0,9.7,90.0,,,,,,,
2024-10-25,29.31,72.81,30.633333333333333,60.18,4.8875,8.15,3.5,41.0,10.44,60.0,,,,,,,
2024-10-26,29.32,72.82,63.2,81.81,5.0375,8.85,3.8425,39.0,12.56,82.0,,,,,,,
2024-10-27,29.33,70.42,93.61666666666667,105.58,5.675,7.25,3.9225,45.0,11.49,106.0,,,,,,,
2024-10-28,29.41,74.53,102.7,112.22,6.1875,10.687500000000002,4.515,53.5,11.84,112.0,,,,,,,
2024-10-29,29.16,76.94,49.48333333333333,61.0,5.825,7.3625,3.9175,39.0,13.65,61.0,,,,,,,
2024-10-30,28.68,78.41,126.83333333333331,105.76666666666668,5.1125,10.8625,4.1625,44.0,14.33,127.0,,,,,,,
2024-10-31,28.8,78.01,354.60769230769233,158.17333333333335,6.7,9.6625,4.0725,53.0,15.11,355.0,,,,,,,
2024-11-01,28.96,76.08,126.16666666666664,95.2,5.5625,4.8875,3.495,33.0,15.36,126.0,,,,,,,
2024-11-02,29.08,75.36,21.133333333333333,30.98,4.575,4.2875,3.1875,30.5,14.82,31.0,,,,,,,
2024-11-03,29.14,74.27,28.73333333333333,43.85,4.4625,4.0625,3.12,32.5,15.92,44.0,,,,,,,
2024-11-04,27.96,73.09,13.75,26.39,5.025,3.575,3.275,30.0,15.72,30.0,,,,,,,
2024-11-05,30.83,73.14,82.58333333333333,104.53333333333332,6.7875,10.275000000000002,4.9475,41.5,15.35,105.0,,,,,,,
2024-11-06,26.59,77.42,58.93333333333334,72.65,4.775,6.55,3.2175,41.0,12.89,73.0,,,,,,,
2024-11-07,26.79,84.41,18.566666666666663,20.23,5.124999999999999,9.0875,2.9675,44.5,15.43,44.0,,,,,,,
2024-11-08,26.71,75.77,17.966666666666665,27.09,5.6125,4.75,2.8075,38.0,14.45,38.0,,,,,,,
2024-11-09,26.54,75.84,42.516666666666666,52.43,5.2625,6.7,2.7675,37.0,13.01,52.0,,,,,,,
2024-11-10,26.57,73.12,60.78333333333333,70.79,5.65,5.8875,2.7575,39.0,11.22,71.0,,,,,,,
2024-11-11,26.76,74.48,81.38333333333333,81.89,5.225,5.35,2.845,40.0,8.93,82.0,,,,,,,
2024-11-12,26.88,85.1,12.666666666666666,14.98,5.85,4.9125,2.5525,36.5,14.68,36.0,,,,,,,
2024-11-13,26.91,83.06,11.183333333333334,17.07,5.35,6.4375,2.5025,33.0,15.21,33.0,,,,,,,
2024-11-14,26.43,81.04,17.416666666666668,23.53,4.6625,6.8125,2.4725,34.5,16.2,34.0,,,,,,,
2024-11-15,26.29,81.57,16.483333333333334,23.22,5.8875,7.475,2.435,35.5,15.17,36.0,,,,,,,
2024-11-16,26.41,80.18,42.66666666666666,47.92,5.9125000000000005,6.9125,2.68,35.0,15.18,48.0,,,,,,,
2024-11-17,26.29,73.43,123.63333333333334,100.94666666666669,5.450000000000001,4.525,3.19,40.0,12.35,124.0,,,,,,,
2024-11-18,26.24,71.8,99.21666666666668,101.88,5.825,5.0625,2.9975,41.0,11.13,102.0,,,,,,,
2024-11-19,26.32,71.55,93.05,101.49333333333333,4.9375,6.324999999999999,2.775,41.0,11.06,101.0,,,,,,,
2024-11-20,26.39,68.43,74.36666666666666,86.93,5.275,5.174999999999999,2.5325,38.0,11.3,87.0,,,,,,,
2024-11-21,26.42,69.34,92.96666666666668,98.41,4.65,5.625,2.715,39.5,10.98,98.0,,,,,,,
2024-11-22,26.42,72.0,124.20000000000002,110.52666666666669,6.324999999999999,9.425,2.7375,43.5,12.25,124.0,,,,,,,
2024-11-23,26.56,75.95,121.66666666666669,108.84666666666666,6.95,9.125,2.815,45.0,13.66,122.0,,,,,,,
2024-11-24,26.67,74.24,75.93333333333334,78.89,5.6375,5.675,2.6325,39.5,13.59,79.0,,,,,,,
2024-11-25,26.37,75.8,145.3,111.40666666666668,7.7125,9.6125,2.8525,45.0,12.95,145.0,,,,,,,
2024-11-26,26.61,86.99,126.33333333333336,90.17,5.187500000000001,10.974999999999998,2.8725,50.5,16.39,126.0,,,,,,,
2024-11-27,26.49,75.06,116.06666666666663,102.79333333333334,6.475,7.55,2.725,45.0,12.74,116.0,,,,,,,
2024-11-28,26.93,75.09,182.46666666666664,123.09333333333332,6.675,8.7375,2.8475,47.0,11.02,182.0,,,,,,,
2024-11-29,27.19,85.9,108.1,81.51,5.124999999999999,9.5125,2.7975,47.5,13.66,108.0,,,,,,,
2024-11-30,27.29,88.03,34.03333333333334,28.98,4.325,4.8125,2.41,38.5,16.75,38.0,,,,,,,
2024-12-01,27.14,83.06,12.216666666666669,19.21,5.0625,4.45,2.135,35.0,14.48,35.0,,,,,,,
2024-12-02,27.12,83.45,43.38333333333333,52.84,5.0625,5.7375,2.355,37.5,14.93,53.0,,,,,,,
2024-12-03,26.91,80.26,44.86666666666667,56.92,3.675,4.75,2.3025,35.0,15.48,57.0,,,,,,,
2024-12-04,26.74,79.81,29.333333333333336,34.84,5.375,6.6,2.1025,35.5,17.14,36.0,,,,,,,
2024-12-05,26.86,79.1,17.916666666666668,40.54,6.275,7.1375,1.9925,36.5,16.91,41.0,,,,,,,
2024-12-06,26.93,79.54,25.9,50.15,5.525,6.9,2.28,38.0,17.45,50.0,,,,,,,
2024-12-07,26.82,77.17,26.6,47.04,3.8375,6.2250000000000005,2.485,35.5,16.89,47.0,,,,,,,
2024-12-08,27.07,76.56,47.16666666666666,63.91,5.1,7.3625,2.7225,38.5,15.82,64.0,,,,,,,
2024-12-09,26.72,75.69,88.98333333333333,91.73,5.2,7.225,3.1825,40.5,14.99,92.0,,,,,,,
2024-12-10,26.79,77.77,111.7,108.61333333333332,9.9125,10.8375,3.23,43.0,14.89,112.0,,,,,,,
2024-12-11,26.84,85.0,72.63333333333333,65.78,6.075000000000001,10.5,2.82,44.0,15.44,73.0,,,,,,,
2024-12-12,26.95,86.56,58.75,51.03,5.875,6.387500000000001,2.65,41.5,15.04,59.0,,,,,,,
2024-12-13,27.02,75.62,118.86666666666666,101.41333333333334,4.55,6.2125,2.8075,36.5,9.15,119.0,,,,,,,
2024-12-14,27.04,74.98,100.7,102.35333333333334,5.35,9.35,2.6125,31.5,9.02,102.0,,,,,,,
2024-12-15,26.94,72.39,95.73333333333332,100.38,6.062499999999999,8.0375,2.56,35.5,7.88,100.0,,,,,,,
2024-12-16,26.82,71.86,115.53333333333332,108.45333333333332,7.6375,9.45,2.6475,43.0,6.07,116.0,,,,,,,
2024-12-17,26.88,75.58,152.36666666666665,120.32666666666668,7.5625,8.95,2.9275,42.5,7.44,152.0,,,,,,,
2024-12-18,26.81,85.04,130.83333333333334,96.82,6.175000000000001,10.7375,2.715,36.0,15.96,131.0,,,,,,,
2024-12-19,26.42,84.32,83.63333333333333,67.26,5.85,9.0625,2.585,34.0,16.41,84.0,,,,,,,
2024-12-20,26.13,83.09,44.833333333333336,41.57,6.775,7.8,2.305,39.0,16.53,45.0,,,,,,,
2024-12-21,25.93,79.26,41.583333333333336,56.58,8.5625,9.85,2.305,43.5,16.17,57.0,,,,,,,
2024-12-22,25.88,79.33,25.28333333333333,49.31,8.2625,8.9625,2.2275,39.0,16.58,49.0,,,,,,,
2024-12-23,25.97,76.02,30.566666666666663,47.73,6.3,6.6875,2.2725,36.0,15.5,48.0,,,,,,,
2024-12-24,25.81,81.03,18.683333333333334,24.85,5.025,5.2875000000000005,2.1425,36.0,14.26,36.0,,,,,,,
2024-12-25,25.86,84.16,51.55,49.18,7.4625,6.95,2.3175,39.0,15.16,52.0,,,,,,,
2024-12-26,26.21,83.59,18.566666666666663,22.95,6.0875,4.25,2.235,37.0,15.53,37.0,,,,,,,
2024-12-27,25.85,80.32,35.45,47.9,6.3625,5.1625,2.2225,33.5,14.81,48.0,,,,,,,
2024-12-28,25.94,76.15,52.083333333333336,63.72,5.725,5.775,2.3225,35.5,13.38,64.0,,,,,,,
2024-12-29,25.94,79.39,82.06666666666666,86.48,8.6875,7.7625,2.5525,39.0,14.16,86.0,,,,,,,
2024-12-30,25.75,80.83,75.01666666666667,68.52,5.699999999999999,5.699999999999999,2.4575,39.0,13.64,75.0,,,,,,,
2024-12-31,25.91,78.86,109.8,99.04,7.575,6.5875,2.6525,39.0,12.79,110.0,,,,,,,
2025-01-01,26.1,78.84,164.96666666666664,109.74666666666668,6.9125,6.7875,2.6725,43.0,12.9,165.0,,,,,,,
2025-01-02,26.02,71.72,118.66666666666664,102.88,6.6,6.5125,2.605,39.5,11.6,119.0,,,,,,,
2025-01-03,25.97,70.56,138.10000000000002,107.38666666666668,6.324999999999999,6.975,2.5775,40.0,11.06,138.0,,,,,,,
2025-01-04,25.89,72.1,159.16666666666666,114.18,5.675,9.4875,2.6325,41.5,13.06,159.0,,,,,,,
2025-01-05,26.03,71.64,155.66666666666669,113.31333333333332,7.05,8.3625,2.715,42.0,11.74,156.0,,,,,,,
2025-01-06,25.99,74.8,179.8,120.08,6.825,9.05,2.7875,42.0,12.37,180.0,,,,,,,
2025-01-07,25.91,73.65,142.86666666666667,113.41333333333334,5.95,8.2625,2.7075,40.0,13.04,143.0,,,,,,,
2025-01-08,25.92,72.57,129.06666666666666,108.48666666666666,7.425,9.0125,2.6875,39.5,12.77,129.0,,,,,,,
2025-01-09,26.09,71.32,144.5,116.85333333333332,6.75,9.1625,2.7125,40.0,12.02,144.0,,,,,,,
2025-01-10,26.2,76.07,139.06666666666666,113.69333333333334,6.4875,7.1375,2.805,41.0,13.48,139.0,,,,,,,
2025-01-11,25.96,72.22,56.95,68.56,6.2375,4.35,2.4075,34.5,11.81,69.0,,,,,,,
2025-01-12,26.09,80.34,75.53333333333333,84.32,7.8625,8.675,2.4675,40.0,14.86,84.0,,,,,,,
2025-01-13,26.14,82.41,118.7,83.85,7.4875,6.35,2.525,42.0,14.64,119.0,,,,,,,
2025-01-14,25.92,77.19,33.18333333333333,38.9,5.375,4.15,2.195,33.5,14.13,39.0,,,,,,,
2025-01-15,26.04,74.51,28.666666666666668,39.42,4.8375,2.8625,2.2175,31.5,13.22,39.0,,,,,,,
2025-01-16,26.03,71.66,106.3,98.55,5.7125,3.2,2.5975,36.0,10.04,106.0,,,,,,,
2025-01-17,26.25,70.77,165.93333333333334,112.32,5.975,3.1375,2.6575,39.0,11.81,166.0,,,,,,,
2025-01-18,26.25,76.39,109.3,100.43333333333334,6.9125,5.925,2.46,39.5,9.6,109.0,,,,,,,
2025-01-19,26.17,81.59,58.5,54.25,4.8875,4.3625,2.2175,37.5,13.43,58.0,,,,,,,
2025-01-20,26.12,77.35,113.43333333333334,105.76,6.324999999999999,8.675,2.3425,41.0,13.29,113.0,,,,,,,
2025-01-21,26.1,74.77,143.9,117.56,6.9,8.8875,2.385,44.0,12.98,144.0,,,,,,,
2025-01-22,26.11,76.94,139.9,120.44,7.575,9.4625,2.53,43.5,13.56,140.0,,,,,,,
2025-01-23,26.1,74.17,77.85,91.83,6.1625,8.675,2.26,41.0,15.2,92.0,,,,,,,
2025-01-24,25.86,72.11,55.95,73.42,5.8375,7.2125,2.1275,34.0,14.86,73.0,,,,,,,
2025-01-25,26.04,74.0,66.43333333333334,87.67,6.6125,7.325,2.305,36.5,15.34,88.0,,,,,,,
2025-01-26,26.03,74.88,63.73333333333333,76.09,6.775,6.775,2.345,35.5,15.14,76.0,,,,,,,
2025-01-27,25.88,74.69,82.11666666666667,94.2,5.875,6.775,2.4625,37.0,15.1,94.0,,,,,,,
2025-01-28,25.79,73.9,156.73333333333332,120.58666666666666,5.1,7.875,2.745,40.0,13.67,157.0,,,,,,,
2025-01-29,25.96,71.44,161.5333333333333,135.14666666666668,7.0625,8.9625,2.6425,41.5,14.67,162.0,,,,,,,
2025-01-30,25.87,73.4,95.6,105.08,6.55,6.5625,2.465,38.0,14.46,105.0,,,,,,,
2025-01-31,25.65,77.63,49.13333333333333,63.44,6.4625,3.875,2.2825,34.0,15.75,63.0,,,,,,,
2025-02-01,25.54,76.4,35.166666666666664,55.43,5.3625,4.2875,2.185,33.0,16.83,55.0,,,,,,,
2025-02-02,25.69,73.58,37.13333333333333,65.27,6.075000000000001,5.1125,2.205,32.5,15.16,65.0,,,,,,,
2025-02-03,25.83,74.39,39.05,72.72,5.450000000000001,7.0,2.125,34.0,16.32,73.0,,,,,,,
2025-02-04,25.88,73.4,65.56666666666668,95.89,5.174999999999999,9.3375,2.2825,38.5,15.68,96.0,,,,,,,
2025-02-05,26.12,74.69,76.4,116.3,6.324999999999999,8.9,2.5575,38.5,21.01,116.0,,,,,,,
2025-02-06,25.82,72.28,101.7,108.38666666666668,6.3625,5.3125,3.065,36.0,14.46,108.0,,,,,,,
2025-02-07,25.62,74.29,148.66666666666666,117.03333333333332,5.925,6.374999999999999,3.2625,40.5,15.11,149.0,,,,,,,
2025-02-08,25.87,75.85,138.8,118.58666666666666,5.7375,6.7375,3.1,40.0,15.49,139.0,,,,,,,
2025-02-09,25.77,74.96,124.0333333333333,113.24,6.1625,5.575,3.0675,38.5,15.2,124.0,,,,,,,
2025-02-10,25.61,69.36,124.93333333333337,115.18,6.25,5.0875,2.9825,37.5,13.29,125.0,,,,,,,
2025-02-11,25.58,69.51,73.56666666666666,101.07333333333334,5.074999999999999,9.55,2.6325,36.0,13.92,101.0,,,,,,,
2025-02-12,25.6,73.45,67.88333333333333,109.32666666666668,6.8125,11.912499999999998,2.7075,38.5,14.1,109.0,,,,,,,
2025-02-13,25.57,73.94,55.6,95.36,6.1625,12.7375,2.815,37.0,15.18,95.0,,,,,,,
2025-02-14,26.57,75.68,40.31666666666667,82.98,5.775,10.5,2.8125,36.5,16.17,83.0,,,,,,,
2025-02-15,27.98,75.38,48.31666666666667,105.24666666666668,5.7875,9.0125,3.43,37.5,16.18,105.0,,,,,,,
2025-02-16,27.84,72.34,48.31666666666667,93.4,5.425,7.2,3.69,33.5,14.71,93.0,,,,,,,
2025-02-17,27.57,73.09,85.65,115.26666666666668,6.387500000000001,7.1875,3.65,35.0,14.37,115.0,,,,,,,
2025-02-18,27.67,72.48,98.06666666666668,135.51333333333335,5.225,9.3,3.43,36.5,15.55,136.0,,,,,,,
2025-02-19,27.62,76.75,85.98333333333335,124.62666666666668,6.2625,9.875,3.75,39.5,14.66,125.0,,,,,,,
2025-02-20,27.67,72.97,59.03333333333334,94.11,5.3625,8.7,4.0225,35.0,15.35,94.0,,,,,,,
2025-02-21,27.67,71.88,45.85,89.17,6.2875,7.975,3.59,32.0,14.95,89.0,,,,,,,
2025-02-22,27.62,73.1,50.23333333333333,99.57,5.375,7.9875,3.34,32.5,15.07,100.0,,,,,,,
2025-02-23,27.58,73.96,38.583333333333336,79.96,5.3625,8.15,3.3125,32.5,15.42,80.0,,,,,,,
2025-02-24,27.58,74.54,42.45,83.42,5.95,6.5875,3.4525,31.5,15.79,83.0,,,,,,,
2025-02-25,27.69,71.93,60.56666666666667,99.71,5.375,5.3,3.3525,31.0,13.43,100.0,,,,,,,
2025-02-26,27.66,72.49,66.21666666666667,124.84666666666666,5.9625,4.1125,3.1,31.5,12.22,125.0,,,,,,,
2025-02-27,27.72,71.3,53.43333333333334,91.27,5.5125,4.275,2.72,32.0,10.03,91.0,,,,,,,
2025-02-28,27.64,73.28,53.58333333333333,90.83,6.3125,5.6000000000000005,2.635,33.0,11.28,91.0,,,,,,,
2025-03-01,27.65,74.58,35.7,67.91,4.8625,3.65,2.5225,32.5,11.86,68.0,,,,,,,
2025-03-02,27.55,73.54,23.466666666666665,51.11,5.3,3.1875,2.305,31.0,13.85,51.0,,,,,,,
2025-03-03,26.87,73.94,28.75,66.79,5.237500000000001,7.475,2.1925,33.0,14.67,67.0,,,,,,,
2025-03-04,25.33,75.81,30.08333333333333,71.74,5.0875,7.875,2.6375,35.0,15.81,72.0,,,,,,,
2025-03-05,25.28,75.82,30.683333333333334,72.09,5.124999999999999,7.4125,2.995,35.0,16.5,72.0,,,,,,,
2025-03-06,25.43,69.26,64.26666666666667,123.68,5.625,9.525,3.2125,38.0,11.48,124.0,,,,,,,
2025-03-07,25.38,68.06,136.63333333333333,156.22666666666666,8.1875,18.0125,3.525,46.5,9.46,156.0,,,,,,,
2025-03-08,25.21,72.5,79.33333333333334,135.4066666666667,6.324999999999999,12.2125,3.44,38.5,13.17,135.0,,,,,,,
2025-03-09,25.38,71.11,59.16666666666666,108.06,4.375,9.1375,3.515,34.5,13.78,108.0,,,,,,,
2025-03-10,25.27,68.06,43.53333333333333,79.04,6.8375,4.2125,3.345,30.5,12.49,79.0,,,,,,,
2025-03-11,25.52,81.09,32.083333333333336,45.43,5.4625,6.0875,3.0725,32.0,14.46,45.0,,,,,,,
2025-03-12,25.65,80.88,29.5,42.48,6.2875,8.2125,2.9,36.0,16.33,42.0,,,,,,,
2025-03-13,25.28,76.6,29.450000000000003,55.74,6.425,9.3375,2.9375,33.5,14.98,56.0,,,,,,,
2025-03-14,25.12,75.61,27.8,56.56,5.15,6.7625,3.4625,32.0,16.24,57.0,,,,,,,
2025-03-15,25.08,73.91,23.05,53.86,5.6625,6.1625,3.54,30.5,16.49,54.0,,,,,,,
2025-03-16,25.15,74.97,22.766666666666666,46.07,6.3125,5.35,3.3375,31.0,15.73,46.0,,,,,,,
2025-03-17,25.49,76.79,20.45,46.92,6.2875,4.65,3.0825,33.0,16.75,47.0,,,,,,,
2025-03-18,25.06,75.26,24.116666666666667,51.22,5.2125,5.437499999999999,2.99,32.0,15.43,51.0,,,,,,,
2025-03-19,25.31,73.76,24.316666666666663,52.38,4.2375,4.9125,3.0375,30.5,16.01,52.0,,,,,,,
2025-03-20,25.39,72.42,25.98333333333333,53.99,5.5125,5.1625,3.0175,30.0,16.18,54.0,,,,,,,
2025-03-21,25.21,72.03,28.683333333333334,46.98,5.4,4.7375,2.8925,31.0,14.86,47.0,,,,,,,
2025-03-22,25.38,74.0,40.28333333333333,56.91,5.3625,4.8,2.82,33.5,14.62,57.0,,,,,,,
2025-03-23,25.33,72.53,35.88333333333333,53.63,5.35,3.5375,2.7175,35.0,13.52,54.0,,,,,,,
2025-03-24,25.45,72.78,45.13333333333333,70.07,7.3125,5.0625,2.695,35.5,14.37,70.0,,,,,,,
2025-03-25,25.27,71.75,55.35,84.04,6.012499999999999,7.7375,2.7275,35.5,13.7,84.0,,,,,,,
2025-03-26,25.28,73.03,66.16666666666667,98.17,5.3,8.2625,2.82,37.0,13.95,98.0,,,,,,,
2025-03-27,29.74,74.96,91.4,133.8733333333333,8.5125,10.175,5.15,45.5,13.44,134.0,,,,,,,
2025-03-28,25.11,75.49,65.8,101.58666666666666,6.4,7.5125,3.495,39.0,14.04,102.0,,,,,,,
2025-03-29,25.36,71.96,70.28333333333333,102.94,7.0375,7.3125,3.6175,38.0,12.74,103.0,,,,,,,
2025-03-30,25.09,73.51,55.06666666666666,86.43,5.5625,5.3125,3.25,35.5,12.69,86.0,,,,,,,
2025-03-31,25.3,71.95,64.55,94.93,5.375,7.3125,3.3475,33.5,12.95,95.0,,,,,,,
2025-04-01,25.48,69.36,75.6,110.5,5.4625,7.2625,3.6375,35.0,14.85,110.0,,,,,,,
2025-04-02,25.45,71.26,46.66666666666666,79.75,4.8375,5.3125,3.3425,33.5,14.81,80.0,,,,,,,
2025-04-03,25.21,78.17,26.966666666666665,42.59,5.05,7.65,3.0375,35.5,16.18,43.0,,,,,,,
2025-04-04,25.33,74.44,37.41666666666666,59.73,6.25,8.15,3.3375,36.0,25.22,60.0,,,,,,,
2025-04-05,25.17,73.49,28.75,60.55,5.375,5.6625,3.67,33.0,15.96,61.0,,,,,,,
2025-04-06,25.32,73.66,27.616666666666667,57.51,5.375,4.6375,3.98,33.0,16.41,58.0,,,,,,,
2025-04-07,25.27,73.06,23.28333333333333,61.51,5.7875,5.4625,3.7575,32.0,15.92,62.0,,,,,,,
2025-04-08,25.21,72.16,21.95,49.53,5.325,5.775,3.5775,31.5,15.32,50.0,,,,,,,
2025-04-09,25.08,72.08,29.450000000000003,57.15,5.625,5.2,3.07,31.0,15.38,57.0,,,,,,,
2025-04-10,25.27,73.54,48.41666666666666,110.5,5.6875,8.1375,3.2475,33.0,12.68,110.0,,,,,,,
2025-04-11,25.41,73.09,64.61666666666667,116.88,7.1,7.5625,3.6425,38.5,9.33,117.0,,,,,,,
2025-04-12,25.26,69.16,65.35,110.16,5.487499999999999,7.2125,3.3225,37.5,8.57,110.0,,,,,,,
2025-04-13,25.31,75.75,71.25,105.24,6.5875,5.550000000000001,3.4575,36.5,11.61,105.0,,,,,,,
2025-04-14,25.12,74.54,37.45,72.33,5.6375,5.3625,3.0525,32.0,13.87,72.0,,,,,,,
2025-04-15,25.31,73.76,34.8,72.16,5.2625,5.0625,2.885,32.0,14.32,72.0,,,,,,,
2025-04-16,25.08,75.95,36.46666666666667,58.57,5.8375,6.5125,2.6875,33.5,14.15,59.0,,,,,,,
2025-04-17,25.57,74.9,33.983333333333334,60.62,3.9875,6.062499999999999,2.72,33.5,16.08,61.0,,,,,,,
2025-04-18,25.54,75.62,39.46666666666667,76.22,6.3125,4.625,3.005,33.0,15.22,76.0,,,,,,,
2025-04-19,25.26,75.97,58.616666666666674,119.32,6.5375,4.2375,3.0025,34.0,13.96,119.0,,,,,,,
2025-04-20,25.25,76.65,60.5,100.5,5.3125,3.45,2.785,32.5,14.09,100.0,,,,,,,
2025-04-21,25.5,76.07,42.516666666666666,86.6,4.8625,4.7,2.6825,33.5,14.99,87.0,,,,,,,
2025-04-22,25.23,74.73,37.6,78.05,4.9375,5.550000000000001,2.605,33.5,15.17,78.0,,,,,,,
2025-04-23,25.11,73.51,31.38333333333333,70.7,4.0875,5.225,2.5625,33.0,15.69,71.0,,,,,,,
2025-04-24,25.11,75.05,33.983333333333334,86.48,4.775,5.225,2.615,33.0,16.83,86.0,,,,,,,
2025-04-25,25.21,75.14,32.85,93.75,5.0125,4.375,2.6025,33.0,17.97,94.0,,,,,,,
2025-04-26,25.2,75.26,29.25,87.28,4.7,4.3,2.47,32.0,16.19,87.0,,,,,,,
2025-04-27,25.06,74.54,20.966666666666665,56.71,6.0375,3.7625,2.3125,30.0,15.68,57.0,,,,,,,
2025-04-28,25.14,74.95,12.033333333333331,46.89,3.7625,3.7,2.295,29.0,15.75,47.0,,,,,,,
2025-04-29,25.23,74.31,15.9,69.16,6.324999999999999,5.124999999999999,2.2375,30.5,15.92,69.0,,,,,,,
2025-04-30,25.21,73.64,19.83333333333333,79.55,5.225,5.3125,2.6875,31.0,15.48,80.0,,,,,,,
2025-05-01,25.15,74.97,23.45,75.35,6.4625,3.8,2.705,30.5,14.97,75.0,,,,,,,
2025-05-02,25.72,74.14,31.633333333333333,75.82,4.975,4.7,2.5275,30.0,15.94,76.0,,,,,,,
2025-05-03,27.13,73.56,35.68333333333333,77.35,6.8625,4.5,2.9625,32.0,14.13,77.0,,,,,,,
2025-05-04,26.48,73.95,37.4,77.32,5.0125,5.2625,2.6175,32.0,12.31,77.0,,,,,,,
2025-05-05,26.83,73.94,39.91666666666666,58.52,5.699999999999999,6.75,2.7225,33.0,10.41,59.0,,,,,,,
2025-05-06,26.89,74.69,32.766666666666666,72.05,4.725,6.3375,3.0075,33.5,12.17,72.0,,,,,,,
2025-05-07,26.69,71.6,36.333333333333336,58.28,3.65,10.3875,2.87,34.5,9.45,58.0,,,,,,,
2025-05-08,26.6,71.54,59.75,90.46,4.625,9.1625,3.23,37.0,10.07,90.0,,,,,,,
2025-05-09,26.73,68.7,56.81666666666667,106.31333333333332,4.9,10.925,3.315,36.5,9.11,106.0,,,,,,,
2025-05-10,26.58,72.8,48.583333333333336,85.8,5.0375,5.725,3.46,34.0,11.74,86.0,,,,,,,
2025-05-11,26.51,73.54,57.266666666666666,93.53,5.675,5.475,3.315,34.0,10.88,94.0,,,,,,,
2025-05-12,26.84,70.0,60.56666666666667,104.71333333333332,5.475,7.525,3.0375,38.0,9.31,105.0,,,,,,,
2025-05-13,26.69,70.52,59.63333333333333,100.0,5.625,7.625,3.03,38.0,9.02,100.0,,,,,,,
2025-05-14,26.77,75.82,49.91666666666666,81.35,5.6125,5.95,3.235,34.5,10.57,81.0,,,,,,,
2025-05-15,26.67,70.56,60.43333333333333,92.98,5.1,7.4,3.035,34.5,10.62,93.0,,,,,,,
2025-05-16,26.9,72.32,61.18333333333334,94.22,5.237500000000001,6.8,3.2175,35.5,8.8,94.0,,,,,,,
2025-05-17,26.58,72.51,45.3,84.07,5.437499999999999,10.7625,3.0375,37.0,8.67,84.0,,,,,,,
2025-05-18,26.74,73.14,40.98333333333333,71.28,4.9625,9.2875,3.735,36.0,10.73,71.0,,,,,,,
2025-05-19,26.63,81.91,33.28333333333333,39.38,5.625,10.3875,3.9625,37.0,13.84,39.0,,,,,,,
2025-05-20,27.05,80.28,53.366666666666674,53.77,5.387499999999999,12.1625,4.235,37.5,12.7,54.0,,,,,,,
2025-05-21,26.93,73.81,28.7,53.01,5.575,8.3375,3.9825,35.5,12.25,53.0,,,,,,,
2025-05-22,26.91,73.81,53.016666666666666,111.92666666666666,5.7875,9.2375,4.3975,33.0,13.18,112.0,,,,,,,
2025-05-23,26.82,73.81,42.8,101.16666666666669,4.325,6.6375,4.3425,32.0,11.34,101.0,,,,,,,
2025-05-24,26.66,73.81,20.33333333333333,38.92,4.75,6.7875,3.7625,31.5,13.21,39.0,,,,,,,
2025-05-25,26.77,73.81,18.716666666666665,34.76,4.8,5.2125,3.4275,29.0,13.28,35.0,,,,,,,
2025-05-26,26.8,73.81,15.783333333333337,36.66,4.3125,6.35,3.595,29.0,13.86,37.0,,,,,,,
2025-05-27,26.84,89.5,24.866666666666667,73.73,5.775,8.0625,3.925,31.0,13.76,74.0,,,,,,,
2025-05-28,26.56,89.5,26.933333333333334,89.79,4.8875,8.3875,4.3825,33.0,13.95,90.0,,,,,,,
2025-05-29,26.58,89.5,22.9,77.32,4.5875,6.2875,4.6125,30.5,13.86,77.0,,,,,,,
2025-05-30,26.4,69.0,31.616666666666667,68.49,5.187500000000001,8.7375,4.5125,34.5,13.85,68.0,,,,,,,
2025-05-31,26.92,69.0,37.66666666666666,71.01,4.525,7.8875,4.635,31.5,13.4,71.0,,,,,,,
2025-06-01,26.8,69.0,35.93333333333333,85.53,4.5,5.8375,4.1,28.5,12.75,86.0,,,,,,,
2025-06-02,26.89,69.0,39.91666666666666,102.76666666666668,5.85,7.1,3.8575,30.5,11.88,103.0,,,,,,,
2025-06-03,27.04,69.0,37.61666666666667,101.24,5.3375,7.5125,4.0225,30.5,12.65,101.0,,,,,,,
2025-06-04,26.83,69.0,46.75,89.61,4.775,6.8375,4.17,33.0,11.51,90.0,,,,,,,
2025-06-05,27.04,69.0,40.21666666666667,104.84666666666666,4.5625,6.3625,4.09,30.5,12.64,105.0,,,,,,,
2025-06-06,26.39,69.0,49.6,130.1,5.3,5.9375,3.81,31.0,10.06,130.0,,,,,,,
2025-06-07,25.7,69.0,60.1,126.56666666666666,6.4625,6.025,3.72,32.0,10.83,127.0,,,,,,,
2025-06-08,25.52,69.0,48.6,100.85333333333334,5.6000000000000005,6.35,3.76,32.0,12.23,101.0,,,,,,,
2025-06-09,25.42,69.0,37.86666666666667,95.79,4.8,8.775,3.895,31.5,13.82,96.0,,,,,,,
2025-06-10,25.55,69.0,35.96666666666667,74.77,4.5125,6.725,4.795,32.0,33.11,75.0,,,,,,,
2025-06-11,25.35,69.0,39.78333333333333,72.98,5.5125,8.3625,4.71,32.5,17.06,73.0,,,,,,,
2025-06-12,25.52,69.0,36.66666666666666,70.95,4.825,6.6375,5.09,33.0,11.28,71.0,,,,,,,
2025-06-13,25.58,69.0,30.96666666666666,91.7,5.0625,6.5625,4.4025,31.5,29.85,92.0,,,,,,,
2025-06-14,25.66,69.0,20.25,58.11,5.0,5.9125000000000005,4.29,30.5,30.86,58.0,,,,,,,
2025-06-15,25.24,69.0,16.85,42.45,4.4,4.425,4.1725,28.5,15.47,42.0,,,,,,,
2025-06-16,26.06,69.0,23.933333333333334,78.18,6.075000000000001,5.2125,3.7975,29.0,27.09,78.0,,,,,,,
2025-06-17,27.63,69.0,32.599999999999994,107.93333333333334,5.187500000000001,5.9125000000000005,3.91,29.5,14.95,108.0,,,,,,,
2025-06-18,27.61,69.0,32.95,116.29333333333334,4.3875,5.812500000000001,4.0725,30.5,12.6,116.0,,,,,,,
2025-06-19,27.45,69.0,37.53333333333333,121.92666666666666,4.85,5.3625,3.975,30.0,13.89,122.0,,,,,,,
2025-06-20,27.71,69.0,40.083333333333336,122.35333333333332,4.4875,6.7375,3.92,30.0,13.09,122.0,,,,,,,
2025-06-21,27.12,69.0,39.95,66.89,5.1125,9.4,4.1675,32.0,14.71,67.0,,,,,,,
2025-06-22,27.32,69.0,39.333333333333336,62.85,4.3125,7.3875,4.4,31.5,12.39,63.0,,,,,,,
2025-06-23,27.05,69.0,27.05,50.65,5.1,8.725,4.2725,33.5,14.6,51.0,,,,,,,
2025-06-24,27.33,69.0,35.85,102.2,5.1125,7.15,4.26,33.0,14.59,102.0,,,,,,,
2025-06-25,27.21,69.0,42.5,113.77333333333333,5.0875,7.775,4.535,34.5,14.52,114.0,,,,,,,
2025-06-26,27.62,69.0,31.833333333333336,112.8,5.487499999999999,10.687500000000002,4.335,34.0,15.79,113.0,,,,,,,
2025-06-27,27.63,69.0,35.81666666666667,110.32666666666668,5.1625,6.425,4.19,31.5,14.76,110.0,,,,,,,
2025-06-28,27.42,69.0,36.083333333333336,104.54,5.0625,5.775,4.0175,30.0,14.57,105.0,,,,,,,
2025-06-29,27.54,69.0,33.18333333333333,112.44666666666669,4.925,5.187500000000001,3.925,28.5,14.22,112.0,,,,,,,
2025-06-30,27.85,69.0,40.0,126.04,5.500000000000001,8.1125,3.7275,33.0,15.71,126.0,,,,,,,
2025-07-01,27.31,62.69,36.21666666666667,109.8,4.5,7.4125,3.7975,32.0,12.96,110.0,,,,,,,
2025-07-02,27.47,67.23,37.6,116.82666666666668,5.1,8.475,4.4025,33.0,14.7,117.0,,,,,,,
2025-07-03,27.21,68.32,30.1,73.73,4.9125,8.375,4.475,33.5,14.15,74.0,,,,,,,
2025-07-04,27.48,63.43,31.48333333333333,100.40666666666668,4.7875,7.1,4.565,30.5,13.45,100.0,,,,,,,
2025-07-05,27.81,62.69,31.183333333333334,83.31,5.174999999999999,8.05,5.4,32.5,14.76,83.0,,,,,,,
2025-07-06,28.06,59.79,24.116666666666667,95.89,5.525,5.0,5.12,28.5,15.74,96.0,,,,,,,
2025-07-07,28.24,58.6,34.45,118.78,5.0,7.225,4.9875,30.0,14.25,119.0,,,,,,,
2025-07-08,27.93,64.65,41.85,146.0933333333333,5.450000000000001,7.9125,5.3875,31.0,14.7,146.0,,,,,,,
2025-07-09,27.83,69.12,38.016666666666666,110.65333333333334,4.6625,8.325,4.945,33.0,13.95,111.0,,,,,,,
2025-07-10,27.87,69.04,39.71666666666667,110.27333333333333,4.9125,7.425,5.0025,33.5,14.22,110.0,,,,,,,
2025-07-11,27.89,70.14,39.55,124.05333333333334,5.725,7.6375,4.6325,32.0,16.52,124.0,,,,,,,
2025-07-12,27.81,69.92,27.03333333333333,74.58,5.124999999999999,8.175,4.28,32.0,14.79,75.0,,,,,,,
2025-07-13,27.68,67.43,31.53333333333334,86.14,4.8,6.525,4.3575,31.0,13.75,86.0,,,,,,,
2025-07-14,27.92,70.62,34.46666666666667,98.69,5.387499999999999,8.8,4.5575,32.0,15.6,99.0,,,,,,,
2025-07-15,27.74,70.83,33.266666666666666,81.2,4.4875,9.6125,4.715,33.0,12.93,81.0,,,,,,,
2025-07-16,27.96,69.92,26.216666666666665,82.9,4.5125,7.2875,4.73,32.5,12.97,83.0,,,,,,,
2025-07-17,27.57,71.28,22.58333333333333,80.72,4.0375,7.9125,4.0,30.5,11.71,81.0,,,,,,,
2025-07-18,27.56,75.71,32.96666666666667,60.89,5.074999999999999,7.9875,4.1125,32.5,14.53,61.0,,,,,,,
2025-07-19,27.5,80.03,26.2,41.57,4.3,9.6125,4.24,34.5,12.29,42.0,,,,,,,
2025-07-20,27.52,71.96,28.500000000000004,39.23,4.9875,6.2875,4.4875,33.5,14.28,39.0,,,,,,,
2025-07-21,27.5,76.09,21.633333333333333,43.93,5.0,7.225,4.3475,32.5,14.35,44.0,,,,,,,
2025-07-22,27.51,72.02,34.4,89.22,5.0875,6.85,4.21,31.5,14.43,89.0,,,,,,,
2025-07-23,27.39,73.79,32.95,86.42,4.95,8.4375,4.4,32.5,14.12,86.0,,,,,,,
2025-07-24,27.15,72.32,38.16666666666666,87.34,5.2,22.4,2.9375,33.0,14.97,87.0,,,,,,,
2025-07-25,27.49,70.06,38.45,109.2,4.6875,11.025,4.2275,33.5,13.5,109.0,,,,,,,
2025-07-26,27.99,64.56,26.016666666666666,80.68,3.8,6.95,4.4,31.5,10.81,81.0,,,,,,,
2025-07-27,28.12,63.59,29.58333333333333,76.7,4.425,7.3875,4.7725,32.5,19.32,77.0,,,,,,,
2025-07-28,28.1,63.09,28.350000000000005,100.07333333333334,4.7625,10.0,5.725,35.0,11.51,100.0,,,,,,,
2025-07-29,28.41,60.65,36.46666666666667,126.99333333333334,4.7625,10.7625,5.595,31.5,11.2,127.0,,,,,,,
2025-07-30,28.27,74.55,33.833333333333336,114.54666666666664,3.725,7.3375,6.885,30.5,11.68,115.0,,,,,,,
2025-07-31,29.02,95.0,23.666666666666668,92.15,2.0875,4.6375,8.575,28.000000000000004,10.06,92.0,,,,,,,
2025-08-01,29.48,95.0,85.68333333333332,144.45333333333335,1.8625,7.05,10.8975,26.0,26.51,144.0,,,,,,,
2025-08-02,29.11,95.0,36.36666666666667,144.07333333333335,1.8875,4.8625,7.8325,29.5,19.65,144.0,,,,,,,
2025-08-03,29.1,95.0,28.266666666666666,101.76666666666668,1.875,4.3,7.05,29.5,14.86,102.0,,,,,,,
2025-08-04,29.09,95.0,27.75,103.16666666666669,1.9125,4.4,7.3275,28.5,13.82,103.0,,,,,,,
2025-08-05,29.07,95.0,28.200000000000003,92.94,1.8625,4.225,7.37,27.500000000000004,13.35,93.0,,,,,,,
2025-08-06,29.15,95.0,22.666666666666668,126.54,1.825,8.85,3.655,26.5,16.2,127.0,,,,,,,
2025-08-07,29.17,95.0,22.53333333333333,115.72666666666667,1.6625,3.3375,4.225,27.0,10.24,116.0,,,,,,,
2025-08-08,29.09,95.0,40.53333333333333,81.04,2.0875,10.5375,2.3575,28.5,23.03,81.0,,,,,,,
2025-08-09,29.06,95.0,30.16666666666667,80.13,1.8,8.1,3.4375,30.5,15.21,80.0,,,,,,,
2025-08-10,29.08,95.0,22.866666666666667,99.05,2.0375,6.05,5.8,29.5,11.59,99.0,,,,,,,
2025-08-11,29.11,95.0,15.366666666666667,43.37,1.8125,5.5875,7.265,27.0,9.75,43.0,,,,,,,
2025-08-12,29.08,95.0,22.666666666666668,57.42,1.9875,6.0875,7.885,28.5,8.29,57.0,,,,,,,
2025-08-13,29.05,95.0,25.566666666666663,47.23,1.725,6.65,7.6025,29.0,8.42,47.0,,,,,,,
2025-08-14,29.1,95.0,28.75,55.83,1.9875,6.1,7.9075,29.5,10.07,56.0,,,,,,,
2025-08-15,29.1,95.0,35.53333333333333,95.37,1.875,5.237500000000001,8.4075,31.0,9.32,95.0,,,,,,,
2025-08-16,29.14,95.0,47.3,74.37,1.55,4.575,8.465,18.0,9.63,74.0,,,,,,,
2025-08-17,29.06,95.0,24.016666666666666,33.09,1.9625,4.275,7.75,29.0,10.18,33.0,,,,,,,
2025-08-18,29.09,95.0,16.066666666666666,39.24,2.1125,4.4375,7.19,27.0,9.35,39.0,,,,,,,
2025-08-19,29.08,95.0,22.95,55.86,1.4125,4.6,7.56,26.5,10.27,56.0,,,,,,,
2025-08-20,29.16,95.0,30.31666666666667,89.53,1.7875,5.8875,8.2375,27.0,11.12,90.0,,,,,,,
2025-08-21,29.15,95.0,25.8,103.37333333333332,1.9875,4.1875,8.0725,26.5,14.83,103.0,,,,,,,
2025-08-22,29.07,95.0,28.500000000000004,43.37,1.875,5.325,7.35,27.500000000000004,12.66,43.0,,,,,,,
2025-08-23,29.07,95.0,24.683333333333334,47.02,2.075,6.1375,7.32,29.5,14.3,47.0,,,,,,,
2025-08-24,29.1,95.0,42.0,59.31,1.625,4.875,7.61,28.5,14.69,59.0,,,,,,,
2025-08-25,29.08,95.0,39.11666666666667,80.28,1.8375,4.025,6.905,27.0,14.18,80.0,,,,,,,
2025-08-26,29.07,95.0,40.31666666666667,72.02,1.575,3.4875,6.33,27.500000000000004,9.39,72.0,,,,,,,
2025-08-27,29.05,95.0,31.41666666666667,65.66,1.7875,2.4875,6.5275,26.5,6.23,66.0,,,,,,,
2025-08-28,29.09,95.0,38.71666666666667,93.9,1.825,2.7375,6.3,16.5,5.88,94.0,,,,,,,
2025-08-29,29.05,95.0,27.55,104.04666666666668,1.775,2.55,5.9875,20.5,5.85,104.0,,,,,,,
2025-08-30,29.13,95.0,31.883333333333333,75.59,1.825,3.2875,6.09,24.5,5.84,76.0,,,,,,,
2025-08-31,29.04,95.0,49.8,55.08,1.9875,2.6625,5.9875,0.0,5.34,55.0,,,,,,,
2025-09-01,29.07,95.0,28.83333333333333,56.78,1.5875,3.625,5.8975,13.0,4.67,57.0,,,,,,,
2025-09-02,29.08,95.0,27.566666666666663,69.11,2.05,3.425,6.5825,28.000000000000004,2.01,69.0,,,,,,,
2025-09-03,29.08,95.0,28.933333333333334,60.02,1.85,3.125,6.645,25.5,2.17,60.0,,,,,,,
2025-09-04,29.07,95.0,36.266666666666666,101.44,1.5875,3.3625,6.645,28.000000000000004,2.74,101.0,,,,,,,
2025-09-05,29.09,95.0,25.7,53.36,1.6875,3.1125000000000003,6.6,26.0,2.76,53.0,,,,,,,
2025-09-06,29.06,95.0,40.45,97.61,1.6875,3.5125,6.4875,27.0,4.07,98.0,,,,,,,
2025-09-07,29.09,95.0,40.21666666666667,100.75333333333332,1.7125,2.9125,6.455,27.500000000000004,4.06,101.0,,,,,,,
2025-09-08,29.09,95.0,32.25000000000001,85.24,2.025,3.0625000000000004,6.24,26.5,4.36,85.0,,,,,,,
2025-09-09,29.1,95.0,54.23333333333333,103.23333333333332,1.65,3.075,6.7375,27.500000000000004,4.56,103.0,,,,,,,
2025-09-10,29.11,95.0,37.016666666666666,108.57333333333334,1.7,3.175,6.445,28.5,4.14,109.0,,,,,,,
2025-09-11,29.08,95.0,24.566666666666663,62.84,1.8625,4.175,6.0525,26.5,3.47,63.0,,,,,,,
2025-09-12,29.06,95.0,45.766666666666666,94.48,1.975,3.7125,6.6375,29.5,6.4,94.0,,,,,,,
2025-09-13,29.03,95.0,48.266666666666666,78.01,1.6875,2.8625,6.56,31.5,3.17,78.0,,,,,,,
2025-09-14,29.08,95.0,57.00000000000001,87.21,1.8,2.625,6.37,32.5,3.95,87.0,,,,,,,
2025-09-15,29.05,95.0,44.016666666666666,127.24,1.85,2.3625,5.93,27.500000000000004,3.64,127.0,,,,,,,
2025-09-16,29.04,95.0,23.98333333333333,44.89,1.8375,2.95,5.575,28.5,2.87,45.0,,,,,,,
2025-09-17,29.05,95.0,44.31666666666667,63.49,1.8125,2.675,5.4325,13.0,3.16,63.0,,,,,,,
2025-09-18,29.06,95.0,25.066666666666663,47.35,1.8375,2.5375,5.4825,0.0,2.58,47.0,,,,,,,
2025-09-19,28.99,95.0,18.766666666666666,36.28,1.55,2.5,5.0625,14.000000000000002,1.93,36.0,,,,,,,
2025-09-20,28.96,95.0,26.183333333333334,35.12,1.7,2.525,5.0575,28.5,1.72,35.0,,,,,,,
2025-09-21,28.94,95.0,26.7,47.33,1.7625,2.1375,4.9025,27.500000000000004,2.07,47.0,,,,,,,
2025-09-22,28.95,95.0,32.833333333333336,103.07333333333334,2.0,3.7375,4.9375,27.500000000000004,2.83,103.0,,,,,,,
2025-09-23,28.95,95.0,19.366666666666667,56.14,2.0625,3.0625000000000004,4.7075,27.500000000000004,2.33,56.0,,,,,,,
2025-09-24,28.96,95.0,21.9,54.28,2.1,2.8875,4.735,26.0,1.74,54.0,,,,,,,
2025-09-25,29.01,95.0,20.55,65.25,1.8875,2.8999999999999995,5.09,26.0,2.51,65.0,,,,,,,
2025-09-26,28.98,95.0,16.666666666666668,52.23,1.9125,2.9125,4.895,24.5,2.21,52.0,,,,,,,
2025-09-27,28.99,95.0,25.316666666666663,83.82,1.775,2.7250000000000005,5.185,26.0,2.63,84.0,,,,,,,
2025-09-28,28.94,95.0,20.683333333333334,92.05,1.4125,2.1,5.4725,25.5,2.09,92.0,,,,,,,
2025-09-29,28.96,95.0,47.266666666666666,419.3375,1.7,3.2375,5.6925,26.0,4.1,419.0,,,,,,,
2025-09-30,28.93,95.0,41.583333333333336,72.11,1.8125,3.875,5.96,26.5,4.44,72.0,,,,,,,
2025-10-01,28.94,95.0,37.6,84.36,2.3125,2.4375,6.105,28.5,2.34,84.0,,,,,,,
2025-10-02,28.92,95.0,39.46666666666667,110.1,2.0625,2.0125,5.655,26.0,3.04,110.0,,,,,,,
2025-10-03,28.94,95.0,37.06666666666667,143.5933333333333,2.1875,2.85,5.725,28.5,3.26,144.0,,,,,,,
2025-10-04,28.95,95.0,18.2,112.71333333333332,1.625,2.9875,5.1925,27.0,4.59,113.0,,,,,,,
2025-10-05,28.97,95.0,39.66666666666666,123.81333333333332,1.7625,2.1875,5.175,30.0,2.91,124.0,,,,,,,
2025-10-06,28.95,95.0,31.016666666666666,115.78666666666668,1.5125,3.3625,5.1625,28.5,3.91,116.0,,,,,,,
2025-10-07,28.94,95.0,39.71666666666667,126.62,1.55,3.95,5.4,34.0,4.19,127.0,,,,,,,
2025-10-08,28.95,95.0,36.96666666666667,108.39333333333332,1.5875,2.7125,5.54,28.5,3.14,108.0,,,,,,,
2025-10-09,28.98,95.0,34.86666666666667,130.48,2.0625,2.9625,5.675,28.5,4.81,130.0,,,,,,,
2025-10-10,28.98,95.0,31.516666666666666,76.64,1.6375,3.3625,5.8375,28.5,8.86,77.0,,,,,,,
2025-10-11,28.91,95.0,53.88333333333333,148.18666666666667,1.4875,2.3375,5.785,29.0,4.34,148.0,,,,,,,
2025-10-12,28.93,95.0,70.11666666666667,156.21333333333334,1.825,2.5625,5.69,29.5,3.58,156.0,,,,,,,
2025-10-13,28.95,95.0,67.8,145.31333333333333,2.0125,2.9625,5.6225,13.0,5.99,145.0,,,,,,,
2025-10-14,28.97,95.0,22.966666666666665,89.11,1.7,2.3125,5.3675,10.5,2.35,89.0,,,,,,,
2025-10-15,28.93,95.0,14.366666666666664,66.8,1.7,2.225,5.215,26.0,1.51,67.0,,,,,,,
2025-10-16,28.98,95.0,21.883333333333333,99.79,1.8125,1.9875,6.05,28.000000000000004,6.87,100.0,,,,,,,
2025-10-17,28.92,95.0,15.0,52.66,2.025,1.275,5.415,27.500000000000004,1.58,53.0,,,,,,,
2025-10-18,28.96,95.0,172.96666666666667,152.0,2.1,2.275,5.23,35.0,1.95,173.0,,,,,,,
2025-10-19,28.97,95.0,134.4666666666667,82.78,1.775,1.7625,5.1825,51.5,2.07,134.0,,,,,,,
2025-10-20,28.98,95.0,339.88461538461536,190.1133333333333,1.775,1.95,5.035,25.5,4.19,340.0,,,,,,,
2025-10-21,28.97,95.0,99.75,73.17,1.9125,1.9625,4.9525,30.5,3.18,100.0,,,,,,,
2025-10-22,28.95,95.0,12.883333333333333,127.59333333333332,1.8625,1.6,4.68,24.5,2.54,128.0,,,,,,,
2025-10-23,28.99,95.0,61.9,112.21333333333332,1.725,2.7250000000000005,4.6875,25.0,2.76,112.0,,,,,,,
2025-10-24,28.97,95.0,30.03333333333333,59.76,1.875,2.9375,4.7775,31.5,2.48,60.0,,,,,,,
2025-10-25,28.98,95.0,55.25,51.37,1.775,1.9875,5.035,45.5,1.82,55.0,,,,,,,
2025-10-26,28.95,95.0,35.46666666666667,54.73,1.95,1.95,4.5125,37.5,1.71,55.0,,,,,,,
2025-10-27,28.98,95.0,28.0,68.18,1.925,2.275,4.685,35.0,1.98,68.0,,,,,,,
2025-10-28,28.96,95.0,25.83333333333333,24.24,3.775,2.65,4.0275,34.0,2.65,34.0,,,,,,,
2025-10-29,28.96,95.0,35.333333333333336,114.87333333333332,4.9875,4.5875,3.2,37.5,5.15,115.0,,,,,,,
2025-10-30,28.99,95.0,30.566666666666663,89.95,5.3625,4.725,3.275,34.5,4.62,90.0,,,,,,,
2025-10-31,28.97,95.0,64.83333333333333,115.09333333333332,5.2,6.1,3.33,36.5,9.38,115.0,,,,,,,
2025-11-01,28.96,95.0,54.48333333333333,182.58,4.2375,5.6000000000000005,3.2725,35.5,10.15,183.0,,,,,,,
2025-11-02,28.93,95.0,50.63333333333333,139.8,4.825,3.8625,3.19,35.0,6.44,140.0,,,,,,,
2025-11-03,28.97,95.0,47.333333333333336,75.73,4.575,8.1375,3.3075,40.0,9.48,76.0,,,,,,,
2025-11-04,28.93,95.0,53.91666666666667,103.24,4.875,7.1375,3.445,45.5,7.31,103.0,,,,,,,
2025-11-05,29.0,95.0,52.43333333333334,100.11333333333332,4.8125,8.1375,3.75,52.0,12.06,100.0,,,,,,,
2025-11-06,28.96,95.0,50.583333333333336,91.85,4.9375,7.05,3.8525,41.5,10.33,92.0,,,,,,,
2025-11-07,28.96,95.0,71.31666666666666,71.33,4.7875,7.4,4.0025,42.0,9.14,71.0,,,,,,,
2025-11-08,28.96,95.0,93.56666666666666,103.14,5.6625,5.9375,3.7825,48.5,7.5,103.0,,,,,,,
2025-11-09,28.92,95.0,127.5,110.69333333333334,4.4625,4.575,3.5425,45.0,7.07,128.0,,,,,,,
2025-11-10,28.96,95.0,123.63333333333334,140.94,4.4375,5.500000000000001,3.5175,47.0,8.48,141.0,,,,,,,
2025-11-11,28.98,95.0,92.88333333333333,92.12,4.6375,5.325,3.665,41.5,11.95,93.0,,,,,,,
2025-11-12,28.97,95.0,81.06666666666666,82.87,5.25,4.425,3.5125,39.0,15.25,83.0,,,,,,,
2025-11-13,28.95,95.0,93.03333333333332,82.72,4.725,5.0,3.455,42.5,13.58,93.0,,,,,,,
2025-11-14,29.04,95.0,128.33333333333334,104.15333333333334,5.4125,5.7125,3.45,43.5,14.18,128.0,,,,,,,
2025-11-15,28.95,95.0,130.66666666666669,112.85333333333334,4.5375,5.699999999999999,3.42,47.0,11.52,131.0,,,,,,,
2025-11-16,28.96,95.0,123.36666666666667,103.29333333333334,3.9,4.7125,3.56,48.5,15.11,123.0,,,,,,,
2025-11-17,29.0,95.0,115.73333333333332,89.79,3.8,6.9,3.96,55.50000000000001,15.23,116.0,,,,,,,
2025-11-18,29.01,95.0,64.95,50.38,5.6375,7.25,5.3225,75.0,14.99,75.0,,,,,,,
2025-11-19,29.01,95.0,73.4,70.2,3.8125,5.65,3.83,50.0,7.61,73.0,,,,,,,
2025-11-20,29.03,95.0,88.48333333333335,97.42,5.500000000000001,6.374999999999999,4.1375,60.5,9.97,97.0,,,,,,,
2025-11-21,29.01,95.0,34.833333333333336,106.25333333333332,4.975,4.9875,3.69,42.5,5.26,106.0,,,,,,,
2025-11-22,28.98,94.41,11.316666666666666,95.48,3.8875,3.925,3.8225,43.5,7.17,95.0,,,,,,,
2025-11-23,29.06,95.0,11.3,48.32,5.2125,3.0875000000000004,4.865,64.0,10.08,64.0,,,,,,,
2025-11-24,29.06,95.0,53.73333333333333,64.26,4.45,3.825,4.0725,47.0,8.24,64.0,,,,,,,
2025-11-25,29.05,95.0,81.81666666666668,84.58,4.85,4.225,3.77,42.0,12.18,85.0,,,,,,,
2025-11-26,29.03,95.0,95.01666666666668,96.27,3.6625,4.9,3.58,44.0,11.46,96.0,,,,,,,
2025-11-27,29.05,95.0,84.5,93.37,4.025,5.3375,3.9,47.0,21.82,93.0,,,,,,,
2025-11-28,29.02,95.0,106.16666666666669,113.4,5.3125,8.4375,3.8775,48.0,14.21,113.0,,,,,,,
2025-11-29,29.0,95.0,36.91666666666666,41.33,5.6875,5.9125000000000005,3.375,40.0,7.33,41.0,,,,,,,
2025-11-30,29.04,95.0,11.083333333333334,17.35,5.6375,4.35,3.8375,41.5,7.71,42.0,,,,,,,
2025-12-01,29.03,95.0,11.1,11.69,4.2125,4.0375,3.2775,33.0,6.21,33.0,,,,,,,
2025-12-02,28.96,95.0,62.55,44.36,4.5125,3.9,3.0575,41.0,6.93,63.0,,,,,,,
2025-12-03,28.96,95.0,20.33333333333333,22.85,4.1625,3.95,3.915,62.0,12.64,62.0,,,,,,,
2025-12-04,28.97,95.0,65.68333333333332,56.29,5.3375,6.4625,4.305,73.0,10.31,73.0,,,,,,,
2025-12-05,28.94,95.0,181.9,113.81333333333332,4.2625,5.500000000000001,3.84,54.0,12.61,182.0,,,,,,,
2025-12-06,29.04,95.0,159.53333333333333,112.6,4.5,4.7375,3.63,52.0,9.56,160.0,,,,,,,
2025-12-07,29.0,95.0,159.53333333333333,112.6,4.5,4.7375,3.63,52.0,9.56,163.0,163.0,82.0,1.8,,3.2,11.9,6.9
2025-12-08,29.046666666666667,95.0,159.53333333333333,112.6,4.5,4.7375,3.63,52.0,9.56,163.0,163.0,83.0,2.0,,2.3,9.7,5.6
2025-12-09,28.86,95.0,159.53333333333333,112.6,4.5,4.7375,3.63,52.0,9.56,169.0,169.0,101.0,3.1,,2.6,8.9,13.0
2025-12-10,29.0375,95.0,159.53333333333333,112.6,4.5,4.7375,3.63,52.0,9.56,178.0,178.0,108.0,2.9,,2.7,10.9,6.3
2025-12-11,29.03,95.0,159.53333333333333,112.6,4.5,4.7375,3.63,52.0,9.56,166.0,166.0,74.0,2.6,,0.7,13.3,6.8
2025-12-12,29.0325,95.0,159.53333333333333,112.6,4.5,4.7375,3.63,52.0,9.56,147.0,147.0,78.0,2.1,,2.4,10.0,8.2
2025-12-13,28.94,95.0,159.53333333333333,112.6,4.5,4.7375,3.63,52.0,9.56,168.0,168.0,71.0,2.8,,1.7,7.5,7.1
2025-12-14,28.76,95.0,159.53333333333333,112.6,4.5,4.7375,3.63,52.0,9.56,153.0,153.0,71.0,1.9,,1.1,9.3,4.5
2025-12-15,28.7675,95.0,159.53333333333333,112.6,4.5,4.7375,3.63,52.0,9.56,101.0,89.0,101.0,2.3,,2.7,7.8,3.1
2025-12-16,28.74,95.0,159.53333333333333,112.6,4.5,4.7375,3.63,52.0,9.56,139.0,139.0,74.0,1.8,,2.3,10.5,3.0
2025-12-17,28.69,95.0,159.53333333333333,112.6,4.5,4.7375,3.63,52.0,9.56,55.0,55.0,33.0,1.5,,1.0,5.4,2.2
2025-12-18,28.790000000000003,95.0,159.53333333333333,112.6,4.5,4.7375,3.63,52.0,9.56,183.0,183.0,106.0,1.7,,2.7,8.8,2.8
2025-12-19,28.69,95.0,159.53333333333333,112.6,4.5,4.7375,3.63,52.0,9.56,184.0,184.0,118.0,4.8,,1.5,10.4,3.3
2025-12-20,28.7,95.0,159.53333333333333,112.6,4.5,4.7375,3.63,52.0,9.56,182.0,182.0,117.0,2.4,,2.6,8.1,1.8
2025-12-21,28.74,95.0,159.53333333333333,112.6,4.5,4.7375,3.63,52.0,9.56,189.0,189.0,127.0,2.5,,1.6,10.2,2.4
2025-12-22,28.76,95.0,159.53333333333333,112.6,4.5,4.7375,3.63,52.0,9.56,164.0,164.0,98.0,2.1,,2.9,8.8,1.9
2025-12-23,28.76,95.0,159.53333333333333,112.6,4.5,4.7375,3.63,52.0,9.56,175.0,175.0,107.0,2.8,,2.1,8.7,2.5
2025-12-24,28.706666666666667,95.0,159.53333333333333,112.6,4.5,4.7375,3.63,52.0,9.56,191.0,191.0,122.0,4.8,,1.8,9.4,3.9
2025-12-25,28.8,95.0,159.53333333333333,112.6,4.5,4.7375,3.63,52.0,9.56,172.0,172.0,92.0,2.4,,2.2,10.4,2.3
2025-12-26,28.84,95.0,159.53333333333333,112.6,4.5,4.7375,3.63,52.0,9.56,142.0,142.0,69.0,1.8,,2.2,8.5,3.6
2025-12-27,28.91,95.0,159.53333333333333,112.6,4.5,4.7375,3.63,52.0,9.56,170.0,170.0,106.0,2.2,,1.8,9.7,2.3
2025-12-28,29.11,95.0,159.53333333333333,112.6,4.5,4.7375,3.63,52.0,9.56,173.0,173.0,108.0,2.5,,2.0,9.4,2.3
2025-12-29,29.08,95.0,159.53333333333333,112.6,4.5,4.7375,3.63,52.0,9.56,183.0,183.0,125.0,3.1,,2.4,11.9,3.3
2025-12-30,29.21,95.0,159.53333333333333,112.6,4.5,4.7375,3.63,52.0,9.56,188.0,188.0,119.0,4.0,,3.0,11.5,4.4
2025-12-31,30.53,95.0,159.53333333333333,112.6,4.5,4.7375,3.63,52.0,9.56,186.0,186.0,118.0,3.2,,2.7,11.7,4.5
2026-01-01,29.19,95.0,159.53333333333333,112.6,4.5,4.7375,3.63,52.0,9.56,55.0,55.0,15.0,1.9,,2.0,9.9,4.1
2026-01-02,29.24,95.0,159.53333333333333,112.6,4.5,4.7375,3.63,52.0,9.56,163.0,163.0,83.0,2.1,,1.4,10.5,8.4
2026-01-03,29.13,95.0,159.53333333333333,112.6,4.5,4.7375,3.63,52.0,9.56,153.0,153.0,73.0,2.6,,1.7,8.2,7.8
2026-01-04,29.14,95.0,159.53333333333333,112.6,4.5,4.7375,3.63,52.0,9.56,166.0,166.0,92.0,2.5,,2.4,9.1,7.7
2026-01-05,29.195,95.0,159.53333333333333,112.6,4.5,4.7375,3.63,52.0,9.56,158.0,158.0,76.0,2.4,,1.7,7.2,3.5
2026-01-06,29.23,95.0,159.53333333333333,112.6,4.5,4.7375,3.63,52.0,9.56,158.0,158.0,80.0,1.9,,2.2,8.2,3.5
2026-01-07,29.23,95.0,159.53333333333333,112.6,4.5,4.7375,3.63,52.0,9.56,154.0,154.0,85.0,2.6,,2.1,8.2,3.6
2026-01-08,29.22,95.0,159.53333333333333,112.6,4.5,4.7375,3.63,52.0,9.56,94.0,94.0,63.0,2.1,,2.8,7.4,3.4
